NOMBRE,LINK,2020,2019,EXPEDIENTE,TIPO COMPAÑIA,ACTIVIDAD ECONÓMICA,REGION,PROVINCIA,CIUDAD,TAMAÑO,SECTOR,CANT. EMPLEADOS,ACTIVO2020,PATRIMONIO2020,INGRESOS POR VENTA2020,UTILIDAD ANTES DE 2020,UTILIDAD DEL EJERCICIO2020,UTILIDAD NETA2020,IR CAUSADO2020,INGRESO TOTAL2020
CORPORACION FAVORITA C.A.,https://ec.linkedin.com/company/corporacionfavorita?trk=companies_directory,1.0,1,384.0,ANÓNIMA,"G4711.01 - VENTA AL POR MENOR DE GRAN VARIEDAD DE PRODUCTOS EN TIENDAS, ENTRE LOS QUE PREDOMINAN, LOS PRODUCTOS ALIMENTICIOS, LAS BEBIDAS O EL TABACO, COMO PRODUCTOS DE PRIMERA NECESIDAD Y VARIOS OTROS TIPOS DE PRODUCTOS, COMO PRENDAS DE VESTIR, MUEBLES, APARATOS, ARTÍCULOS DE FERRETERÍA, COSMÉTICOS, ETCÉTERA.",SIERRA,PICHINCHA                                         ,QUITO                                             ,GRANDE,MERCADO DE VALORES,10768.0,2121860458.59,1482973135.0,2170602774.0,187168402.3,220198120.31,147499234.25,41971212.0,2170602774.93
ECUACORRIENTE,https://www.linkedin.com/company/ecuacorriente-s.a./,2.0,4,6796.0,ANÓNIMA,"B0729.01 - EXTRACCIÓN Y PREPARACIÓN DE MINERALES ESTIMADOS PRINCIPALMENTE POR SU CONTENIDO DE METALES NO FERROSOS: ALUMINIO (BAUXITA), COBRE, PLOMO, ZINC, ESTAÑO, MANGANESO, CROMO, NÍQUEL, COBALTO, MOLIBDENO, TÁNTALO, VANADIO, ETCÉTERA.",ORIENTE,ZAMORA CHINCHIPE                                  ,EL PANGUI                                         ,GRANDE,SOCIETARIO,966.0,1607423376.0,568986647.0,245102965.54899994,-1387158.7,0.0,-2633855.7,1246697.02,0.0
AURELIAN ECUADOR,https://www.linkedin.com/company/lundin-gold/?originalSubdomain=ec,3.0,3,93144.0,ANÓNIMA,"B0899.09 - EXTRACCIÓN DE OTROS MINERALES: ASBESTO, POLVO DE FÓSILES SILÍCEOS, ESTEATITA (TALCO), VERMICULITA, PEOLITA, CLORITA, ANTIMONIO, MAGNESITA, SILICATO DE MAGNESIO (POLVO), SILICIO, ETCÉTERA",ORIENTE,ZAMORA CHINCHIPE                                  ,LOS ENCUENTROS                                    ,GRANDE,SOCIETARIO,1451.0,1599727165.0,605293529.0,358792587.0,-49399080.0,-49399080.0,-49399080.0,4077977.3878,358823965.0
CONSORCIO ECUATORIANO DE TELECOMUNICACIONES CONECEL,https://ec.linkedin.com/company/conecel?trk=companies_directory,5.0,5,47845.0,ANÓNIMA,"J6120.01 - OPERACIÓN, MANTENIMIENTO O FACILITACIÓN DEL ACCESO A SERVICIOS DE TRANSMISIÓN DE VOZ, DATOS, TEXTO, SONIDO Y VÍDEO UTILIZANDO UNA INFRAESTRUCTURA DE TELECOMUNICACIONES INALÁMBRICAS. INCLUYE LAS ACTIVIDADES DE MANTENIMIENTO Y EXPLOTACIÓN DE REDES DE RADIO BÚSQUEDA Y DE TELEFONÍA MÓVIL Y OTRAS REDES DE TELECOMUNICACIONES INALÁMBRICAS.",COSTA,GUAYAS                                            ,GUAYAQUIL                                         ,GRANDE,SOCIETARIO,2844.0,1217718379.0,264709114.0,1066241897.0,174644376.0,204823940.0,106826750.0,67817626.0,1071561214.0
CORPORACION QUIPORT,https://ec.linkedin.com/company/quiport?trk=companies_directory,7.0,8,93325.0,ANÓNIMA,"M7020.04 - PRESTACIÓN DE ASESORAMIENTO Y AYUDA A LAS EMPRESAS Y LAS ADMINISTRACIONES PÚBLICAS EN MATERIA DE PLANIFICACIÓN, ORGANIZACIÓN, EFICIENCIA Y CONTROL, INFORMACIÓN ADMINISTRATIVA, ETCÉTERA.",SIERRA,PICHINCHA                                         ,QUITO                                             ,GRANDE,SOCIETARIO,70.0,814067849.0,212852599.0,1249085559.0,-27053323.0,-27053323.1,-27053323.0,4077977.3878,83530647.9
CORPORACION EL ROSADO,https://ec.linkedin.com/company/elrosado?trk=companies_directory,8.0,9,2913.0,ANÓNIMA,"G4711.01 - VENTA AL POR MENOR DE GRAN VARIEDAD DE PRODUCTOS EN TIENDAS, ENTRE LOS QUE PREDOMINAN, LOS PRODUCTOS ALIMENTICIOS, LAS BEBIDAS O EL TABACO, COMO PRODUCTOS DE PRIMERA NECESIDAD Y VARIOS OTROS TIPOS DE PRODUCTOS, COMO PRENDAS DE VESTIR, MUEBLES, APARATOS, ARTÍCULOS DE FERRETERÍA, COSMÉTICOS, ETCÉTERA.",COSTA,GUAYAS                                            ,GUAYAQUIL                                         ,GRANDE,MERCADO DE VALORES,7334.0,754024531.84,283755098.2,1249085559.0,39246084.65,46171864.3,27622934.68,11328623.69,1265116683.48
HIDALGO E HIDALGO,https://www.linkedin.com/company/grupo-hidalgo-e-hidalgo/,9.0,11,10532.0,ANÓNIMA,"F4210.11 - CONSTRUCCIÓN DE CARRETERAS, CALLES, CARRETERAS, Y OTRAS VÍAS PARA VEHÍCULOS O PEATONES.",SIERRA,PICHINCHA                                         ,QUITO                                             ,GRANDE,SOCIETARIO,1144.0,749530535.0,652393996.0,115979619.0,33867923.1,39844616.0,26384065.2,7483857.89,158895431.0
OTECEL,https://www.linkedin.com/company/movistarecuador/people/?facetGeoRegion=ec%3A0,10.0,6,47972.0,ANÓNIMA,"J6120.01 - OPERACIÓN, MANTENIMIENTO O FACILITACIÓN DEL ACCESO A SERVICIOS DE TRANSMISIÓN DE VOZ, DATOS, TEXTO, SONIDO Y VÍDEO UTILIZANDO UNA INFRAESTRUCTURA DE TELECOMUNICACIONES INALÁMBRICAS. INCLUYE LAS ACTIVIDADES DE MANTENIMIENTO Y EXPLOTACIÓN DE REDES DE RADIO BÚSQUEDA Y DE TELEFONÍA MÓVIL Y OTRAS REDES DE TELECOMUNICACIONES INALÁMBRICAS.",SIERRA,PICHINCHA                                         ,QUITO                                             ,GRANDE,MERCADO DE VALORES,905.0,745272999.6,230674502.0,444508999.7,-21301000.0,-21301626.91,-17245260.43,4077977.3878,468804782.94
PROCESADORA NACIONAL DE ALIMENTOS C.A. PRONACA,https://ec.linkedin.com/company/pronaca?trk=companies_directory,11.0,10,7154.0,ANÓNIMA,"C1010.11 - EXPLOTACIÓN DE MATADEROS QUE REALIZAN ACTIVIDADES DE SACRIFICIO, FAENAMIENTO, PREPARACIÓN, PRODUCCIÓN Y EMPACADO DE CARNE FRESCA REFRIGERADA O CONGELADA EN CANALES O PIEZAS O PORCIONES INDIVIDUALES DE: BOVINO, PORCINO, OVINO, CAPRINO.",SIERRA,PICHINCHA                                         ,QUITO                                             ,GRANDE,MERCADO DE VALORES,6951.0,710696211.38,439938112.4,832519348.1,32541767.55,38361799.15,25733872.82,9633338.11,832519348.17
INDUSTRIAL PESQUERA SANTA PRISCILA,https://ec.linkedin.com/company/santapriscilaec?trk=companies_directory,12.0,18,22576.0,ANÓNIMA,"A0321.02 - EXPLOTACIÓN DE CRIADEROS DE CAMARONES (CAMARONERAS), CRIADEROS DE LARVAS  DE CAMARÓN (LABORATORIOS DE LARVAS DE CAMARÓN).",COSTA,GUAYAS                                            ,GUAYAQUIL                                         ,GRANDE,SOCIETARIO,7200.0,585858502.0,365048051.0,578607173.0,31298824.8,34006893.0,28169369.6,3129455.17,598284336.0
SCHLUMBERGER DEL ECUADOR,https://www.linkedin.com/company/schlumberger/people/?facetGeoRegion=ec%3A0&keywords=ecuador,13.0,12,146446.0,ANÓNIMA,"B0910.01 - ACTIVIDADES DE SERVICIOS DE EXTRACCIÓN DE PETRÓLEO Y GAS REALIZADAS A CAMBIO DE UNA RETRIBUCIÓN O POR CONTRATO: SONDEOS, EXPLORACIÓN (POR EJEMPLO: MÉTODOS TRADICIONALES DE PROSPECCIÓN, COMO OBSERVACIONES GEOLÓGICAS EN POSIBLES YACIMIENTOS); PERFORACIÓN DIRIGIDA Y REPERFORACIÓN; PERFORACIÓN INICIAL; ERECCIÓN, REPARACIÓN Y DESMANTELAMIENTO DE TORRES DE PERFORACIÓN, CEMENTACIÓN DE TUBOS DE ENCAMISADO DE LOS POZOS DE PETRÓLEO Y GAS, BOMBEO, TAPONAMIENTO Y ABANDONO DE POZOS, ETCÉTERA; LICUEFACCIÓN Y REGASIFICACIÓN DE GAS NATURAL PARA SU TRANSPORTE, REALIZADAS EN EL LUGAR DE EXTRACCIÓN; DRENAJE Y BOMBEO.",SIERRA,PICHINCHA                                         ,QUITO                                             ,GRANDE,SOCIETARIO,923.0,562901206.0,469308593.0,344575690.0,13862098.7,16308352.0,6700121.75,7161976.95,346110183.0
HOLCIM ECUADOR,https://ec.linkedin.com/company/holcim-ecuador?trk=companies_directory,14.0,13,2308.0,ANÓNIMA,"C2394.01 - FABRICACIÓN DE CEMENTOS HIDRÁULICOS, INCLUIDO CEMENTO DE PÓRTLAND, CEMENTO ALUMINOSO, CEMENTO DE ESCORIAS Y CEMENTO HIPERSULFATADO.",COSTA,GUAYAS                                            ,GUAYAQUIL                                         ,GRANDE,MERCADO DE VALORES,736.0,544525429.02,399434372.5,312449493.7,102129691.0,114741651.26,85901986.42,16739830.7,312884101.01
TIENDAS INDUSTRIALES ASOCIADAS TIA,https://ec.linkedin.com/company/almacenestia?trk=companies_directory,15.0,19,3502.0,ANÓNIMA,"G4711.01 - VENTA AL POR MENOR DE GRAN VARIEDAD DE PRODUCTOS EN TIENDAS, ENTRE LOS QUE PREDOMINAN, LOS PRODUCTOS ALIMENTICIOS, LAS BEBIDAS O EL TABACO, COMO PRODUCTOS DE PRIMERA NECESIDAD Y VARIOS OTROS TIPOS DE PRODUCTOS, COMO PRENDAS DE VESTIR, MUEBLES, APARATOS, ARTÍCULOS DE FERRETERÍA, COSMÉTICOS, ETCÉTERA.",COSTA,GUAYAS                                            ,GUAYAQUIL                                         ,GRANDE,MERCADO DE VALORES,7854.0,537151371.19,97979118.08,701575673.2,38662430.91,56665172.22,29030364.57,9632066.34,702874559.62
"UNION CEMENTERA NACIONAL, UCEM",https://ec.linkedin.com/company/union-cementera-nacional-s-a?trk=companies_directory,16.0,17,175121.0,ANÓNIMA,"C2395.01 - FABRICACIÓN DE COMPONENTES ESTRUCTURALES Y MATERIALES PREFABRICADOS PARA OBRAS DE CONSTRUCCIÓN O DE INGENIERÍA CIVIL DE HORMIGÓN, CEMENTO, PIEDRA ARTIFICIAL O YESO: LOSETAS, LOSAS, BALDOSAS, LADRILLOS, BLOQUES, PLANCHAS, PANELES, LÁMINAS, TABLEROS, CAÑOS, TUBOS, POSTES, ETCÉTERA.",SIERRA,CHIMBORAZO                                        ,RIOBAMBA                                          ,GRANDE,SOCIETARIO,602.0,535578755.0,310748229.0,126166208.0,13585814.9,15983312.0,11618070.2,1967744.79,129876143.0
DPWORLD POSORJA,https://www.linkedin.com/company/dp-world/people/?facetGeoRegion=ec%3A0,18.0,14,707891.0,ANÓNIMA,"F4290.11 - CONSTRUCCIÓN DE VÍAS DE NAVEGACIÓN, OBRAS PORTUARIAS Y FLUVIALES, PUERTOS DEPORTIVOS, ESCLUSAS, PRESAS Y DIQUES.",COSTA,GUAYAS                                            ,GUAYAQUIL                                         ,GRANDE,SOCIETARIO,567.0,503939185.0,63840687.0,29500135.7,-38835253.0,-38835253.0,-38835253.0,4077977.3878,31555039.4
LA FABRIL,https://ec.linkedin.com/company/la-fabril-s-a?trk=companies_directory,19.0,26,742.0,ANÓNIMA,"C1040.11 - ELABORACIÓN DE ACEITES CRUDOS VEGETALES (SIN REFINAR) DE: OLIVA, SOYA, PALMA, SEMILLA DE GIRASOL, SEMILLA DE ALGODÓN, COLZA, REPOLLO O MOSTAZA, LINAZA, ETCÉTERA.",COSTA,MANABI                                            ,MONTECRISTI                                       ,GRANDE,MERCADO DE VALORES,3308.0,496760005.64,142516020.0,489100748.0,5405308.31,6363186.26,4107362.0,2428914.08,507139223.61
CERVECERIA NACIONAL CN,https://ec.linkedin.com/company/cervecerianacional?trk=companies_directory,20.0,25,2448.0,ANÓNIMA,"C1103.01 - ELABORACIÓN DE BEBIDAS MALTEADAS COMO: CERVEZAS CORRIENTES DE FERMENTACIÓN ALTA, NEGRAS Y FUERTES, INCLUIDA CERVEZA DE BAJA GRADUACIÓN O SIN ALCOHOL.",COSTA,GUAYAS                                            ,GUAYAQUIL                                         ,GRANDE,MERCADO DE VALORES,803.0,465730804.74,117618336.1,285126918.5,75382695.9,88688287.46,54688270.41,21371061.44,290614485.42
ACERIA DEL ECUADOR CA ADELCA.,https://ec.linkedin.com/company/adelca?trk=companies_directory,21.0,24,2.0,ANÓNIMA,"C2410.25 - FABRICACIÓN DE ÁNGULOS, PERFILES Y SECCIONES ABIERTAS DE ACERO LAMINADAS EN CALIENTE Y MEDIANTE CONFORMACIÓN PROGRESIVA EN UN LAMINADOR DE RULOS O MEDIANTE PLEGADO EN UNA PRENSA DE PRODUCTOS LAMINADOS PLANOS DE ACERO.",SIERRA,PICHINCHA                                         ,QUITO                                             ,GRANDE,MERCADO DE VALORES,1156.0,454061629.33,202583222.1,220606230.8,7832079.27,8584181.59,6886776.58,945302.69,222018616.45
ANDES PETROLEUM ECUADOR LTD.,https://www.linkedin.com/company/andes-petroleum-company/?originalSubdomain=ec,22.0,16,45534.0,SUCURSAL  EXTRANJERA,"B0610.00 - EXTRACCIÓN DE ACEITES CRUDOS DE PETRÓLEO, ESQUISTOS BITUMINOSOS Y ARENAS ALQUITRANADAS, PRODUCCIÓN DE PETRÓLEO CRUDO DE ESQUISTOS Y ARENAS BITUMINOSAS, PROCESOS DE OBTENCIÓN DE CRUDOS: DECANTACIÓN, DESALADO, DESHIDRATACIÓN, ESTABILIZACIÓN, ETCÉTERA.",SIERRA,PICHINCHA                                         ,QUITO                                             ,GRANDE,SOCIETARIO,632.0,452707330.0,325715618.0,226881416.0,27030035.4,32411184.0,19406741.0,7623294.38,281160115.0
COMPANIA GENERAL DE COMERCIO Y MANDATO SOCIEDAD ANONIMA,https://www.linkedin.com/company/comandato-s-a/people/?facetGeoRegion=ec%3A0,24.0,36,2173.0,ANÓNIMA,"G4759.05 - VENTA AL POR MENOR DE ELECTRODOMÉSTICOS EN ESTABLECIMIENTOS ESPECIALIZADOS: REFRIGERADORAS, COCINAS, MICROONDAS, ETCÉTERA.",COSTA,GUAYAS                                            ,GUAYAQUIL                                         ,GRANDE,MERCADO DE VALORES,1125.0,413522191.93,60947218.41,110979737.6,0.0,-20197601.21,0.0,4077977.3878,110979737.62
DISTRIBUIDORA FARMACEUTICA ECUATORIANA (DIFARE),https://ec.linkedin.com/company/grupo-difare?trk=companies_directory,25.0,31,44313.0,ANÓNIMA,"G4649.22 - VENTA AL POR MAYOR DE PRODUCTOS FARMACÉUTICOS, INCLUSO VETERINARIOS.",COSTA,GUAYAS                                            ,GUAYAQUIL                                         ,GRANDE,MERCADO DE VALORES,3672.0,402851640.96,79504695.17,850880294.1,29018904.05,731855281.32,23157739.37,5861164.68,850880294.12
EMPACADORA GRUPO GRANMAR EMPAGRAN,https://ec.linkedin.com/company/empagran?trk=companies_directory,26.0,28,20090.0,ANÓNIMA,"A0321.02 - EXPLOTACIÓN DE CRIADEROS DE CAMARONES (CAMARONERAS), CRIADEROS DE LARVAS  DE CAMARÓN (LABORATORIOS DE LARVAS DE CAMARÓN).",COSTA,GUAYAS                                            ,GUAYAQUIL                                         ,GRANDE,MERCADO DE VALORES,1230.0,390603175.87,115082045.9,162947329.6,-11455587.8,-11455587.85,-12485611.37,1295412.19,168742414.84
SOCIEDAD AGRICOLA E INDUSTRIAL SAN CARLOS SA,https://ec.linkedin.com/company/sociedad-agr-cola-e-industrial-san-carlos-?trk=companies_directory,27.0,29,2234.0,ANÓNIMA,"C1072.02 - ELABORACIÓN Y REFINADO DE AZÚCAR DE CAÑA Y MELAZA DE CAÑA; REMOLACHA AZUCARERA, ETCÉTERA.",COSTA,GUAYAS                                            ,GUAYAQUIL                                         ,GRANDE,MERCADO DE VALORES,2304.0,375330544.53,256792483.9,134022836.0,4226305.81,4972124.48,3130786.79,657377.22,145482579.25
NEGOCIOS INDUSTRIALES REAL N.I.R.,https://ec.linkedin.com/company/negocios-industriales-real-nirsa-s-a?trk=companies_directory,28.0,33,3215.0,ANÓNIMA,"G4630.33 - VENTA AL POR MAYOR DE PESCADO, CRUSTÁCEOS, MOLUSCOS Y PRODUCTOS DE LA PESCA.",COSTA,GUAYAS                                            ,GUAYAQUIL                                         ,GRANDE,SOCIETARIO,5818.0,372882238.0,118814844.0,411125107.0,-342259085.0,3061399.0,-343796681.0,1537596.63,417991925.0
REYBANPAC REY BANANO DEL PACIFICO C.L.,https://www.linkedin.com/company/reybanpac/?originalSubdomain=ec,29.0,20,9134.0,RESPONSABILIDAD LIMITADA,A0122.01 - CULTIVO DE BANANOS Y PLÁTANOS.,COSTA,GUAYAS                                            ,GUAYAQUIL                                         ,GRANDE,MERCADO DE VALORES,6875.0,368879824.77,187307881.5,259801502.1,10194447.99,11993468.22,6818727.7,3375720.29,262935682.22
ALMACENES DE PRATI SA,https://ec.linkedin.com/company/almacenes-de-prati-?trk=companies_directory,31.0,32,3135.0,ANÓNIMA,"G4711.01 - VENTA AL POR MENOR DE GRAN VARIEDAD DE PRODUCTOS EN TIENDAS, ENTRE LOS QUE PREDOMINAN, LOS PRODUCTOS ALIMENTICIOS, LAS BEBIDAS O EL TABACO, COMO PRODUCTOS DE PRIMERA NECESIDAD Y VARIOS OTROS TIPOS DE PRODUCTOS, COMO PRENDAS DE VESTIR, MUEBLES, APARATOS, ARTÍCULOS DE FERRETERÍA, COSMÉTICOS, ETCÉTERA.",COSTA,GUAYAS                                            ,GUAYAQUIL                                         ,GRANDE,SOCIETARIO,437.0,363335123.0,257583411.0,181590176.0,18573318.1,21850962.0,13226947.6,5346370.46,208951975.0
PTIE- PHOENIX TOWER INTERNATIONAL ECUADOR,https://www.linkedin.com/company/phoenix-tower-international/?originalSubdomain=ec,32.0,65,715075.0,ANÓNIMA,"F4321.01 - INSTALACIÓN DE ACCESORIOS ELÉCTRICOS, LÍNEAS DE TELECOMUNICACIONES, REDES INFORMÁTICAS Y LÍNEAS DE TELEVISIÓN POR CABLE, INCLUIDAS LÍNEAS DE FIBRA ÓPTICA, ANTENAS PARABÓLICAS. INCLUYE CONEXIÓN DE APARATOS ELÉCTRICOS, EQUIPO DOMÉSTICO Y SISTEMAS DE CALEFACCIÓN RADIANTE.",SIERRA,PICHINCHA                                         ,QUITO                                             ,GRANDE,SOCIETARIO,15.0,360764250.0,158110093.0,20183440.7,-37178079.0,-37178078.9,-37178079.0,4077977.3878,20183440.7
GISIS,https://ec.linkedin.com/company/gisis-s-a-?trk=companies_directory,33.0,42,70689.0,ANÓNIMA,"C1080.02 - FABRICACIÓN DE ALIMENTOS PREPARADOS PARA ANIMALES DE GRANJA (AVES, GANADO VACUNO, PORCINO, ETCÉTERA), ANIMALES ACUÁTICOS, INCLUIDOS ALIMENTOS CONCENTRADOS, SUPLEMENTOS ALIMENTICIOS, LA PREPARACIÓN DE ALIMENTOS SIN MEZCLAR (ELABORADOS A PARTIR DE UN ÚNICO PRODUCTO) Y LOS OBTENIDOS DEL TRATAMIENTO DE DESPERDICIOS DE MATADEROS.",COSTA,GUAYAS                                            ,ELOY ALFARO (DURAN)                               ,GRANDE,SOCIETARIO,658.0,359805892.0,183337230.0,498000729.0,70743643.7,83227816.0,62079819.9,8663823.87,500239280.0
INTERNATIONAL WATER SERVICES ( GUAYAQUIL ) INTERAGUA C. LTDA.,https://ec.linkedin.com/company/interagua-ec?trk=companies_directory,34.0,37,103476.0,RESPONSABILIDAD LIMITADA,"E3700.00 - ACTIVIDADES DE GESTIÓN DE SISTEMAS DE ALCANTARILLADO Y DE INSTALACIONES DE TRATAMIENTO DE AGUAS RESIDUALES; RECOLECCIÓN Y TRANSPORTE DE AGUAS RESIDUALES HUMANAS O INDUSTRIALES DE UNO O DIVERSOS USUARIOS, ASÍ COMO DE AGUA DE LLUVIA, POR MEDIO DE REDES DE ALCANTARILLADO, COLECTORES, TANQUES Y OTROS MEDIOS DE TRANSPORTE (CAMIONES CISTERNA DE RECOGIDA DE AGUAS NEGRAS, ETCÉTERA); VACIADO Y LIMPIEZA DE POZOS NEGROS Y FOSAS SÉPTICAS, FOSOS Y POZOS DE ALCANTARILLADOS; MANTENIMIENTO DE INODOROS DE ACCIÓN QUÍMICA; TRATAMIENTO DE AGUAS RESIDUALES (INCLUIDAS AGUAS RESIDUALES HUMANAS E INDUSTRIALES, AGUA DE PISCINAS, ETCÉTERA) MEDIANTE PROCESOS FÍSICOS, QUÍMICOS Y BIOLÓGICOS COMO LOS DE DILUCIÓN, CRIBADO, FILTRACIÓN, SEDIMENTACIÓN, ETCÉTERA; MANTENIMIENTO Y LIMPIEZA DE CLOACAS Y ALCANTARILLAS, INCLUIDO EL DESATASCO DE CLOACAS.",COSTA,GUAYAS                                            ,GUAYAQUIL                                         ,GRANDE,SOCIETARIO,938.0,350298712.0,158468167.0,164681313.0,-3263920.4,21759470.0,-7841510.5,4577590.1,170991377.0
ENAP SIPETROL,https://www.linkedin.com/company/enap-sipetrol-s.a./?originalSubdomain=ec,35.0,44,47559.0,SUCURSAL  EXTRANJERA,"B0610.00 - EXTRACCIÓN DE ACEITES CRUDOS DE PETRÓLEO, ESQUISTOS BITUMINOSOS Y ARENAS ALQUITRANADAS, PRODUCCIÓN DE PETRÓLEO CRUDO DE ESQUISTOS Y ARENAS BITUMINOSAS, PROCESOS DE OBTENCIÓN DE CRUDOS: DECANTACIÓN, DESALADO, DESHIDRATACIÓN, ESTABILIZACIÓN, ETCÉTERA.",SIERRA,PICHINCHA                                         ,QUITO                                             ,GRANDE,SOCIETARIO,162.0,349491326.0,161685870.0,190023566.0,100745810.0,116879503.5,77889743.0,22856066.5,190258139.0
ALMACENES JUAN ELJURI CIA. LTDA.,https://ec.linkedin.com/company/juaneljuri?trk=companies_directory,36.0,35,30152.0,RESPONSABILIDAD LIMITADA,"G4649.11 - VENTA AL POR MAYOR DE ELECTRODOMÉSTICOS Y APARATOS DE USO DOMÉSTICO: REFRIGERADORAS, COCINAS, LAVADORAS, ETCÉTERA. INCLUYE EQUIPOS DE TELEVISIÓN, ESTÉREOS (EQUIPOS DE SONIDO), EQUIPOS DE GRABACIÓN Y REPRODUCTORES DE CD Y DVD, CINTAS DE AUDIO Y VIDEO CDS, DVD GRABADAS.",SIERRA,AZUAY                                             ,CUENCA                                            ,GRANDE,SOCIETARIO,591.0,346289666.0,28355413.6,100827810.0,-72857396.0,-1092.0,-73916299.0,1058902.65,111601966.0
GERARDO ORTIZ E HIJOS C LTDA,https://www.linkedin.com/company/gerardo-ortiz-e-hijos/,39.0,51,30514.0,RESPONSABILIDAD LIMITADA,G4690.00 - VENTA AL POR MAYOR DE DIVERSOS PRODUCTOS SIN ESPECIALIZACIÓN.,COSTA,GUAYAS                                            ,GUAYAQUIL                                         ,GRANDE,SOCIETARIO,320.0,328269066.0,137326012.0,369714620.0,24796401.2,29172237.0,18014096.4,6782304.85,372476516.0
SUDAMERICANA INTEGRAL DE CONSTRUCCIONES SUDINCO,https://www.linkedin.com/in/sudamericana-integral-de-construcciones-sudinco-s-a-85a505171/?originalSubdomain=ec,40.0,39,12800.0,ANÓNIMA,"F4210.12 - OBRAS DE SUPERFICIE EN CALLES, CARRETERAS, AUTOPISTAS, PUENTES O TÚNELES, ASFALTADO DE CARRETERA, PINTURA Y OTROS TIPOS DE MARCADO DE CARRETERA, INSTALACIÓN DE BARRERAS DE EMERGENCIA, SEÑALES DE TRÁFICO Y ELEMENTOS SIMILARES. INCLUYE LA CONSTRUCCIÓN DE PISTAS PARA AEROPUERTOS.",SIERRA,PICHINCHA                                         ,QUITO                                             ,GRANDE,SOCIETARIO,1035.0,327048968.0,306134279.0,85939021.2,6916678.08,8052457.3,4570319.27,2346358.81,89887514.3
PLUSPETROL ECUADOR B.V.,https://www.linkedin.com/company/pluspetrol/?originalSubdomain=ec,42.0,45,86185.0,SUCURSAL  EXTRANJERA,"B0610.00 - EXTRACCIÓN DE ACEITES CRUDOS DE PETRÓLEO, ESQUISTOS BITUMINOSOS Y ARENAS ALQUITRANADAS, PRODUCCIÓN DE PETRÓLEO ",SIERRA,PICHINCHA                                         ,QUITO                                             ,GRANDE,SOCIETARIO,251.0,296362616.0,246090018.0,70692586.5,26625.09,26625.0,26625.09,4077977.3878,71106586.5
CNPC CHUANQING DRILLING ENGINEERING COMPANY LIMITED,https://www.linkedin.com/company/cnpc-chuanqing-drilling-engineering-company-limited-ccdc-/?originalSubdomain=ec,43.0,47,91881.0,SUCURSAL  EXTRANJERA,"B0910.01 - ACTIVIDADES DE SERVICIOS DE EXTRACCIÓN DE PETRÓLEO Y GAS REALIZADAS A CAMBIO DE UNA RETRIBUCIÓN O POR CONTRATO: SONDEOS, EXPLORACIÓN (POR EJEMPLO: MÉTODOS TRADICIONALES DE PROSPECCIÓN, COMO OBSERVACIONES GEOLÓGICAS EN POSIBLES YACIMIENTOS); PERFORACIÓN DIRIGIDA Y REPERFORACIÓN; PERFORACIÓN INICIAL; ERECCIÓN, REPARACIÓN Y DESMANTELAMIENTO DE TORRES DE PERFORACIÓN, CEMENTACIÓN DE TUBOS DE ENCAMISADO DE LOS POZOS DE PETRÓLEO Y GAS, BOMBEO, TAPONAMIENTO Y ABANDONO DE POZOS, ETCÉTERA; LICUEFACCIÓN Y REGASIFICACIÓN DE GAS NATURAL PARA SU TRANSPORTE, REALIZADAS EN EL LUGAR DE EXTRACCIÓN; DRENAJE Y BOMBEO.",SIERRA,PICHINCHA                                         ,QUITO                                             ,GRANDE,SOCIETARIO,661.0,286469052.0,25792420.5,92809465.7,-1514337.9,-1514338.0,-1664778.9,150440.97,95895287.5
HALLIBURTON LATIN AMERICA S.R.L.,https://www.linkedin.com/company/halliburton/?originalSubdomain=ec,44.0,27,8018.0,SUCURSAL  EXTRANJERA,"B0910.01 - ACTIVIDADES DE SERVICIOS DE EXTRACCIÓN DE PETRÓLEO Y GAS REALIZADAS A CAMBIO DE UNA RETRIBUCIÓN O POR CONTRATO: SONDEOS, EXPLORACIÓN (POR EJEMPLO: MÉTODOS TRADICIONALES DE PROSPECCIÓN, COMO OBSERVACIONES GEOLÓGICAS EN POSIBLES YACIMIENTOS); PERFORACIÓN DIRIGIDA Y REPERFORACIÓN; PERFORACIÓN INICIAL; ERECCIÓN, REPARACIÓN Y DESMANTELAMIENTO DE TORRES DE PERFORACIÓN, CEMENTACIÓN DE TUBOS DE ENCAMISADO DE LOS POZOS DE PETRÓLEO Y GAS, BOMBEO, TAPONAMIENTO Y ABANDONO DE POZOS, ETCÉTERA; LICUEFACCIÓN Y REGASIFICACIÓN DE GAS NATURAL PARA SU TRANSPORTE, REALIZADAS EN EL LUGAR DE EXTRACCIÓN; DRENAJE Y BOMBEO.",SIERRA,PICHINCHA                                         ,QUITO                                             ,GRANDE,SOCIETARIO,365.0,282147598.0,108911284.0,85226701.1,-8799909.1,-8799909.1,-9966755.7,1166846.61,85387700.9
CONTECON GUAYAQUIL,https://ec.linkedin.com/company/contecon-guayaquil?trk=companies_directory,45.0,55,126760.0,ANÓNIMA,"H5222.00 - ACTIVIDADES RELACIONADAS CON EL TRANSPORTE ACUÁTICO DE PASAJEROS, ANIMALES O CARGA: EXPLOTACIÓN DE INSTALACIONES TERMINALES, COMO PUERTOS Y MALECONES, EXPLOTACIÓN DE EXCLUSAS DE VÍAS DE NAVEGACIÓN INTERIORES, ETCÉTERA, ACTIVIDADES DE NAVEGACIÓN, PRACTICAJE Y ATRACADA, ACTIVIDADES DE GABARRAJE Y SALVAMENTO, INCLUYE ACTIVIDADES DE FAROS.",COSTA,GUAYAS                                            ,GUAYAQUIL                                         ,GRANDE,SOCIETARIO,720.0,274330295.0,146498712.0,113605569.0,28991876.8,34108090.2,20390336.4,8601540.34,113984456.0
OLEODUCTO DE CRUDOS PESADOS (OCP) ECUADOR,https://www.linkedin.com/company/ocp-ecuador/,47.0,49,90246.0,ANÓNIMA,"H4930.00 - SERVICIO DE ESTACIONES DE BOMBEO, TRANSPORTE DE GASES, LÍQUIDOS, AGUA, LECHADA Y OTROS PRODUCTOS POR TUBERÍAS.",SIERRA,PICHINCHA                                         ,QUITO                                             ,GRANDE,SOCIETARIO,257.0,266411045.0,28954590.2,133125773.0,0.0,-19715151.0,0.0,4077977.3878,134175649.0
MAQUINARIAS Y VEHICULOS MAVESA,https://ec.linkedin.com/company/grupo-mavesa?trk=companies_directory,48.0,52,4164.0,ANÓNIMA,"G4510.01 - VENTA DE VEHÍCULOS NUEVOS Y USADOS: VEHÍCULOS DE PASAJEROS, INCLUIDOS VEHÍCULOS ESPECIALIZADOS COMO: AMBULANCIAS Y MINIBUSES, CAMIONES, REMOLQUES Y SEMIRREMOLQUES, VEHÍCULOS DE ACAMPADA COMO: CARAVANAS Y AUTOCARAVANAS, VEHÍCULOS PARA TODO TERRENO (JEEPS, ETCÉTERA), INCLUIDO LA VENTA AL POR MAYOR Y AL POR MENOR POR COMISIONISTAS.",COSTA,GUAYAS                                            ,GUAYAQUIL                                         ,GRANDE,MERCADO DE VALORES,921.0,262965807.7,131185379.3,153791658.3,342353.43,402768.75,117744.25,224609.18,154219438.17
OPERADORA Y PROCESADORA DE PRODUCTOS MARINOS OMARSA SA,https://ec.linkedin.com/company/omarsa-shrimp?trk=companies_directory,49.0,53,40424.0,ANÓNIMA,"A0321.02 - EXPLOTACIÓN DE CRIADEROS DE CAMARONES (CAMARONERAS), CRIADEROS DE LARVAS  DE CAMARÓN (LABORATORIOS DE LARVAS DE CAMARÓN).",COSTA,GUAYAS                                            ,ELOY ALFARO (DURAN)                               ,GRANDE,MERCADO DE VALORES,5938.0,262958753.74,117163196.0,479639762.3,12254934.85,14417570.41,10221266.01,2974131.04,480928508.19
NOVACERO S.A,https://ec.linkedin.com/company/novacero-s-a-?trk=companies_directory,50.0,56,8360.0,ANÓNIMA,"C2410.22 - FABRICACIÓN DE BARRAS, VARILLAS Y SECCIONES SÓLIDAS DE HIERRO Y ACERO LAMINADAS EN CALIENTE Y MEDIANTE ESTIRADO EN FRÍO Y EN CALIENTE, RECTIFICACIÓN O TORNEADO; FABRICACIÓN DE ALAMBRE DE ACERO MEDIANTE ESTIRADO O ALARGAMIENTO EN FRÍO.",SIERRA,COTOPAXI                                          ,LASSO                                             ,GRANDE,SOCIETARIO,1145.0,261086985.53,101656691.6,211475429.3,8215982.84,9665862.17,5808815.96,2635558.9,211625850.62
FARMACIAS Y COMISARIATOS DE MEDICINAS SA FARCOMED,https://www.linkedin.com/company/farmacias-y-comisariatos-de-medicinas-s.a/,51.0,62,45323.0,ANÓNIMA,G4772.01 - VENTA AL POR MENOR DE PRODUCTOS FARMACÉUTICOS EN ESTABLECIMIENTOS ESPECIALIZADOS.,SIERRA,PICHINCHA                                         ,SANGOLQUÍ                                         ,GRANDE,SOCIETARIO,1295.0,259773557.0,42088607.3,222319368.0,6532387.76,7685162.0,4536681.08,1995706.68,230431396.0
COMERCIAL KYWI SA,https://ec.linkedin.com/company/comercial-kywi-s-a-?trk=companies_directory,52.0,58,193.0,ANÓNIMA,"G4663.21 - VENTA AL POR MAYOR DE ARTÍCULOS DE FERRETERÍAS Y CERRADURAS: MARTILLOS, SIERRAS, DESTORNILLADORES, Y OTRAS HERRAMIENTAS DE MANO, ACCESORIOS Y DISPOSITIVOS; CAJAS FUERTES, EXTINTORES.",SIERRA,PICHINCHA                                         ,QUITO                                             ,GRANDE,SOCIETARIO,210.0,257198511.0,196056856.0,249188502.0,32488304.3,38221534.0,24373001.1,8115303.22,257723784.0
LA GANGA R.C.A.,https://ec.linkedin.com/company/almacenes-la-ganga?trk=companies_directory,53.0,67,25827.0,ANÓNIMA,"G4759.05 - VENTA AL POR MENOR DE ELECTRODOMÉSTICOS EN ESTABLECIMIENTOS ESPECIALIZADOS: REFRIGERADORAS, COCINAS, MICROONDAS, ETCÉTERA.",COSTA,GUAYAS                                            ,GUAYAQUIL                                         ,GRANDE,SOCIETARIO,4.0,253665995.0,45707324.2,119953351.0,16472300.9,4126836.0,15066885.9,1405415.07,142109497.0
LETERAGO DEL ECUADOR S.A,https://ec.linkedin.com/company/leterago-del-ecuador-talento-humano?trk=companies_directory,54.0,66,109248.0,ANÓNIMA,"G4649.22 - VENTA AL POR MAYOR DE PRODUCTOS FARMACÉUTICOS, INCLUSO VETERINARIOS.",SIERRA,PICHINCHA                                         ,QUITO                                             ,GRANDE,SOCIETARIO,486.0,253510751.0,55001640.3,486373999.0,-418290799.0,11640667.0,-422232242.0,3941443.37,489435355.0
AGROAZUCAR ECUADOR,https://ec.linkedin.com/company/corporaci%C3%B3n-azucarera-ecuatoriana-ingenio-la-troncal?trk=companies_directory,55.0,57,175748.0,ANÓNIMA,"C1072.02 - ELABORACIÓN Y REFINADO DE AZÚCAR DE CAÑA Y MELAZA DE CAÑA; REMOLACHA AZUCARERA, ETCÉTERA.",SIERRA,CAÑAR                                             ,LA TRONCAL                                        ,GRANDE,SOCIETARIO,2829.0,252811241.0,169017583.0,99764866.6,-4607260.5,-4607260.0,-5444052.1,836791.59,100344829.0
COMPANIA AZUCARERA VALDEZ SA,https://ec.linkedin.com/company/azucarera-valdez?trk=companies_directory,58.0,61,2041.0,ANÓNIMA,"C1072.02 - ELABORACIÓN Y REFINADO DE AZÚCAR DE CAÑA Y MELAZA DE CAÑA; REMOLACHA AZUCARERA, ETCÉTERA.",COSTA,GUAYAS                                            ,MILAGRO                                           ,GRANDE,MERCADO DE VALORES,9.0,235345017.71,83881816.88,124207770.3,-18697588.4,-18671960.81,-17137456.35,4077977.3878,129322915.79
"AC BEBIDAS, S. DE R.L. DE C.V.",https://www.linkedin.com/company/arca-continental/people/?keywords=ecuador,59.0,87,87185.0,SUCURSAL  EXTRANJERA,"C1104.01 - ELABORACIÓN DE BEBIDAS NO ALCOHÓLICAS EMBOTELLADAS (EXCEPTO CERVEZA Y VINO SIN ALCOHOL): BEBIDAS AROMATIZADAS Y/O EDULCORADAS: LIMONADAS, NARANJADAS, BEBIDAS GASEOSAS (COLAS), BEBIDAS ARTIFICIALES DE JUGOS DE FRUTAS (CON JUGOS DE FRUTAS O JARABES EN PROPORCIÓN INFERIOR AL 50%), AGUAS TÓNICAS, GELATINA COMESTIBLE, BEBIDAS HIDRATANTES, ETCÉTERA.",SIERRA,PICHINCHA                                         ,QUITO                                             ,GRANDE,SOCIETARIO,3901.0,229513995.0,62408137.9,464869461.0,17605316.3,20712137.0,13039360.0,4565956.31,473115450.0
NESTLE ECUADOR,https://www.linkedin.com/company/nestle-s-a-/people/?facetGeoRegion=ec%3A0,60.0,68,4238.0,ANÓNIMA,"C1079.29 - ELABORACIÓN DE OTROS ALIMENTOS ESPECIALES: CONCENTRADOS DE PROTEÍNAS; ALIMENTOS PREPARADOS CON FINES DIETÉTICOS, ALIMENTOS SIN GLUTEN, ALIMENTOS PARA COMBATIR EL DESGASTE CAUSADO POR EL ESFUERZO MUSCULAR, ETCÉTERA.",SIERRA,PICHINCHA                                         ,QUITO                                             ,GRANDE,MERCADO DE VALORES,1373.0,228624858.0,16545560.0,468905262.0,28012844.0,17128001.0,12629171.0,15383673.0,468905262.0
TELCONET,https://ec.linkedin.com/company/telconet?trk=companies_directory,61.0,79,72951.0,ANÓNIMA,"J6110.01 - ACTIVIDADES DE OPERACIÓN, MANTENIMIENTO O FACILITACIÓN DEL ACCESO A SERVICIOS DE TRANSMISIÓN DE VOZ, DATOS, TEXTO, SONIDO Y VÍDEO UTILIZANDO UNA INFRAESTRUCTURA DE TELECOMUNICACIONES ALAMBRICAS, COMO: OPERACIÓN Y MANTENIMIENTO DE SISTEMAS DE CONMUTACIÓN Y TRANSMISIÓN PARA SUMINISTRAR SERVICIOS DE COMUNICACIONES DE PUNTO A PUNTO POR LÍNEAS ALAMBRICAS, POR MICROONDAS O POR UNA COMBINACIÓN DE LÍNEAS ALAMBRICAS Y CONEXIONES POR SATÉLITE.",COSTA,GUAYAS                                            ,GUAYAQUIL                                         ,GRANDE,MERCADO DE VALORES,2901.0,223554738.94,88978843.46,205471961.0,27906749.49,31587065.1,19822070.06,8084679.43,205471961.02
INT FOOD SERVICES CORP,https://www.linkedin.com/company/gurpo-kfc-ecuador/?originalSubdomain=ec,62.0,78,87530.0,ANÓNIMA,"C1010.22 - FABRICACIÓN DE PRODUCTOS CÁRNICOS: SALCHICHAS, SALCHICHÓN, CHORIZO, SALAME, MORCILLAS, MORTADELA, PATÉS, CHICHARRONES FINOS, JAMONES, EMBUTIDOS, ETCÉTERA. INCLUSO SNACKS DE CERDO.",SIERRA,PICHINCHA                                         ,QUITO                                             ,GRANDE,SOCIETARIO,4013.0,222363037.0,28603859.5,186946160.0,-2333942.1,-2333942.0,-3081444.2,747502.07,193310405.0
HOTELES DECAMERON ECUADOR,https://www.linkedin.com/company/decameronhotels/people/?facetGeoRegion=ec%3A0,63.0,73,155475.0,ANÓNIMA,"N7911.00 - ACTIVIDADES DE LAS AGENCIAS DE VIAJES DEDICADAS PRINCIPALMENTE A VENDER SERVICIOS DE VIAJES, DE VIAJES ORGANIZADOS, ",SIERRA,PICHINCHA                                         ,QUITO                                             ,GRANDE,MERCADO DE VALORES,957.0,218435892.0,10346444.58,11242691.74,-9500456.05,-9470360.21,-8086645.13,4077977.3878,13191421.56
SUPERDEPORTE,https://ec.linkedin.com/company/explorer-ecuador.com?trk=companies_directory,64.0,77,87399.0,ANÓNIMA,"G4641.21 - VENTA AL POR MAYOR DE PRENDAS DE VESTIR, INCLUIDAS PRENDAS (ROPA) DEPORTIVAS.",SIERRA,PICHINCHA                                         ,QUITO                                             ,GRANDE,MERCADO DE VALORES,1766.0,217675855.83,44667260.68,142051607.3,-9550834.58,-9550834.58,-8374585.44,4077977.3878,147664047.41
GENERAL MOTORS DEL ECUADOR SA,https://www.linkedin.com/company/general-motors/people/?facetGeoRegion=ec%3A0&keywords=ecuador,65.0,50,8343.0,ANÓNIMA,"G4510.01 - VENTA DE VEHÍCULOS NUEVOS Y USADOS: VEHÍCULOS DE PASAJEROS, INCLUIDOS VEHÍCULOS ESPECIALIZADOS COMO: AMBULANCIAS Y MINIBUSES, CAMIONES, REMOLQUES Y SEMIRREMOLQUES, VEHÍCULOS DE ACAMPADA COMO: CARAVANAS Y AUTOCARAVANAS, VEHÍCULOS PARA TODO TERRENO (JEEPS, ETCÉTERA), INCLUIDO LA VENTA AL POR MAYOR Y AL POR MENOR POR COMISIONISTAS.",SIERRA,PICHINCHA                                         ,QUITO                                             ,GRANDE,SOCIETARIO,116.0,217128151.0,162958180.0,322234565.0,2983654.79,3510182.0,1231461.18,1752193.61,326174576.0
INDUSTRIAS LACTEAS TONI SA,https://ec.linkedin.com/company/industriasl-l-cteas-toni?trk=companies_directory,67.0,69,9468.0,ANÓNIMA,"C1050.01 - ELABORACIÓN DE LECHE FRESCA LÍQUIDA, CREMA DE LECHE LIQUIDA, BEBIDAS A BASE DE LECHE, YOGURT, INCLUSO CASEÍNA O LACTOSA, PASTEURIZADA, ESTERILIZADA, HOMOGENEIZADA Y/O TRATADA A ALTAS TEMPERATURAS.",COSTA,GUAYAS                                            ,GUAYAQUIL                                         ,GRANDE,SOCIETARIO,624.0,213922815.0,114597845.0,126208274.0,97845.58,115113.0,97845.58,4077977.3878,127715285.0
SURPAPELCORP,https://www.linkedin.com/company/productora-cartonera-s.a./?originalSubdomain=ec,68.0,84,97887.0,ANÓNIMA,C1702.01 - FABRICACIÓN DEL PAPEL Y CARTÓN ONDULADOS O CORRUGADO.,COSTA,GUAYAS                                            ,ELOY ALFARO (DURAN)                               ,GRANDE,MERCADO DE VALORES,267.0,213719620.88,44748176.05,68161843.8,-7857483.18,-7857483.18,-7857483.18,4077977.3878,69499381.16
MARCIMEX,https://ec.linkedin.com/company/marcimex?trk=companies_directory,69.0,74,30062.0,ANÓNIMA,"G4649.11 - VENTA AL POR MAYOR DE ELECTRODOMÉSTICOS Y APARATOS DE USO DOMÉSTICO: REFRIGERADORAS, COCINAS, LAVADORAS, ETCÉTERA. INCLUYE EQUIPOS DE TELEVISIÓN, ESTÉREOS (EQUIPOS DE SONIDO), EQUIPOS DE GRABACIÓN Y REPRODUCTORES DE CD Y DVD, CINTAS DE AUDIO Y VIDEO CDS, DVD GRABADAS.",SIERRA,AZUAY                                             ,CUENCA                                            ,GRANDE,MERCADO DE VALORES,1380.0,207224186.7,67372830.87,133132947.7,-980332.81,1948577.82,-947160.69,4077977.3878,135188923.14
NOVOPAN DEL ECUADOR SA,https://ec.linkedin.com/company/novopan-per%C3%BA-sac?trk=companies_directory,70.0,91,7307.0,ANÓNIMA,"C1621.01 - FABRICACIÓN DE HOJAS DE MADERA (ALISADAS, TEÑIDAS, BAÑADAS, IMPREGNADAS, REFORZADAS CON PAPEL O TELA, CORTADAS EN FIGURAS) PARA ENCHAPADO SUFICIENTEMENTE DELGADAS PARA PRODUCIR MADERA ENCHAPADA, TABLEROS CONTRACHAPADOS Y OTROS FINES; FABRICACIÓN DE TABLEROS CONTRACHAPADOS, TABLEROS DE MADERA ENCHAPADA Y OTROS TABLEROS Y HOJAS DE MADERA LAMINADA, TABLEROS DE FIBRA Y TABLEROS DE PARTÍCULAS, MADERA COMPACTADA, MADERA LAMINADA ENCOLADA.",SIERRA,PICHINCHA                                         ,QUITO                                             ,GRANDE,SOCIETARIO,552.0,204278317.0,154305533.0,136767931.0,-98556796.0,23234326.0,-101145760.0,2588963.33,138059032.0
IPAC S.A,https://www.linkedin.com/company/ipac-s.a./people/,72.0,89,73818.0,ANÓNIMA,"C2410.25 - FABRICACIÓN DE ÁNGULOS, PERFILES Y SECCIONES ABIERTAS DE ACERO LAMINADAS EN CALIENTE Y MEDIANTE CONFORMACIÓN PROGRESIVA EN UN LAMINADOR DE RULOS O MEDIANTE PLEGADO EN UNA PRENSA DE PRODUCTOS LAMINADOS PLANOS DE ACERO.",COSTA,GUAYAS                                            ,GUAYAQUIL                                         ,GRANDE,MERCADO DE VALORES,471.0,198959835.58,111165747.7,159528826.3,11182284.35,13155628.65,8243750.22,3145078.49,159528826.34
IMPORTADORA TOMEBAMBA,https://ec.linkedin.com/company/importadora-tomebamba-s-a?trk=companies_directory,73.0,95,617.0,ANÓNIMA,"G4510.01 - VENTA DE VEHÍCULOS NUEVOS Y USADOS: VEHÍCULOS DE PASAJEROS, INCLUIDOS VEHÍCULOS ESPECIALIZADOS COMO: AMBULANCIAS Y MINIBUSES, CAMIONES, REMOLQUES Y SEMIRREMOLQUES, VEHÍCULOS DE ",SIERRA,AZUAY                                             ,CUENCA                                            ,GRANDE,SOCIETARIO,391.0,192703327.0,58271692.1,147039835.0,-126693010.0,5400462.0,-127815105.0,1122095.4,164038481.0
PRODUCTORA CARTONERA,https://ec.linkedin.com/company/productora-cartonera-s-a-?trk=companies_directory,74.0,102,4295.0,ANÓNIMA,"C1702.02 - FABRICACIÓN DE ENVASES DE PAPEL O DE CARTÓN ONDULADO, RÍGIDO O PLEGABLE: CAJAS, CAJONES, ESTUCHES, ENVASES, ARCHIVADORES DE CARTÓN DE OFICINA Y ARTÍCULOS SIMILARES.",COSTA,GUAYAS                                            ,ELOY ALFARO (DURAN)                               ,GRANDE,MERCADO DE VALORES,599.0,191643826.79,53200422.3,143085122.1,348741.38,410283.98,137348.19,745668.71,144268751.69
INDUSTRIAS ALES CA,https://ec.linkedin.com/company/industrias-ales-c.a?trk=companies_directory,76.0,92,677.0,ANÓNIMA,"C1040.13 - ELABORACIÓN DE ACEITES VEGETALES REFINADOS: ACEITE DE OLIVA, ACEITE DE SOYA, ETCÉTERA.",SIERRA,PICHINCHA                                         ,QUITO                                             ,GRANDE,MERCADO DE VALORES,822.0,189391346.47,69717754.49,145744548.4,-403164.63,-403164.63,-271672.36,142953.29,145744548.44
ECUAQUIMICA ECUATORIANA DE PRODUCTOS QUIMICOS CA,https://ec.linkedin.com/company/ecuaquimica?trk=companies_directory,77.0,94,4902.0,ANÓNIMA,"G4649.22 - VENTA AL POR MAYOR DE PRODUCTOS FARMACÉUTICOS, INCLUSO VETERINARIOS.",COSTA,GUAYAS                                            ,GUAYAQUIL                                         ,GRANDE,SOCIETARIO,747.0,188942446.0,73284486.8,186645893.0,1766095.76,2077840.0,974451.29,791644.47,187243491.0
SINOPEC INTERNATIONAL PETROLEUM SERVICE ECUADOR,https://ec.linkedin.com/company/sinopec-international-petroleum-service-ecuador?trk=companies_directory,78.0,59,93862.0,ANÓNIMA,"B0910.01 - ACTIVIDADES DE SERVICIOS DE EXTRACCIÓN DE PETRÓLEO Y GAS REALIZADAS A CAMBIO DE UNA RETRIBUCIÓN O POR CONTRATO: SONDEOS, EXPLORACIÓN (POR EJEMPLO: MÉTODOS TRADICIONALES DE PROSPECCIÓN, COMO OBSERVACIONES GEOLÓGICAS EN POSIBLES YACIMIENTOS); PERFORACIÓN DIRIGIDA Y REPERFORACIÓN; PERFORACIÓN INICIAL; ERECCIÓN, REPARACIÓN Y DESMANTELAMIENTO DE TORRES DE PERFORACIÓN, CEMENTACIÓN DE TUBOS DE ENCAMISADO DE LOS POZOS DE PETRÓLEO Y GAS, BOMBEO, TAPONAMIENTO Y ABANDONO DE POZOS, ETCÉTERA; LICUEFACCIÓN Y REGASIFICACIÓN DE GAS NATURAL PARA SU TRANSPORTE, REALIZADAS EN EL LUGAR DE EXTRACCIÓN; DRENAJE Y BOMBEO.",SIERRA,PICHINCHA                                         ,QUITO                                             ,GRANDE,SOCIETARIO,348.0,187160477.0,41389333.3,27764355.3,-21726628.0,-18741400.7,-21726628.0,4077977.3878,28833780.3
CRECOSCORP,https://ec.linkedin.com/company/grupo-crecos?trk=companies_directory,79.0,76,5276.0,ANÓNIMA,"G4649.11 - VENTA AL POR MAYOR DE ELECTRODOMÉSTICOS Y APARATOS DE USO DOMÉSTICO: REFRIGERADORAS, COCINAS, LAVADORAS, ETCÉTERA. INCLUYE EQUIPOS DE TELEVISIÓN, ESTÉREOS (EQUIPOS DE SONIDO), EQUIPOS DE GRABACIÓN Y REPRODUCTORES DE CD Y DVD, CINTAS DE AUDIO Y VIDEO CDS, DVD GRABADAS.",COSTA,GUAYAS                                            ,GUAYAQUIL                                         ,GRANDE,SOCIETARIO,1165.0,185354969.0,74284163.2,102235537.0,-9171272.6,-9171272.0,-9171272.6,4077977.3878,103540277.0
CARTONES NACIONALES I CARTOPEL,https://ec.linkedin.com/company/cartopel-sai?trk=companies_directory,80.0,98,6233.0,ANÓNIMA,C1702.01 - FABRICACIÓN DEL PAPEL Y CARTÓN ONDULADOS O CORRUGADO.,SIERRA,AZUAY                                             ,CUENCA                                            ,GRANDE,SOCIETARIO,1066.0,182542489.0,91518072.1,206145105.0,-157619721.0,30372120.0,-164678367.0,7058645.94,207244842.0
UNICOMER DE ECUADOR,https://www.linkedin.com/company/grupo-unicomer/people/?facetGeoRegion=ec%3A0,81.0,75,46249.0,ANÓNIMA,"G4649.11 - VENTA AL POR MAYOR DE ELECTRODOMÉSTICOS Y APARATOS DE USO DOMÉSTICO: REFRIGERADORAS, COCINAS, LAVADORAS, ETCÉTERA. INCLUYE EQUIPOS DE TELEVISIÓN, ESTÉREOS (EQUIPOS DE SONIDO), EQUIPOS DE GRABACIÓN Y REPRODUCTORES DE CD Y DVD, CINTAS DE AUDIO Y VIDEO CDS, DVD GRABADAS.",COSTA,GUAYAS                                            ,GUAYAQUIL                                         ,GRANDE,SOCIETARIO,1733.0,182480888.0,89630942.3,113455905.0,-992429.38,-992429.0,-1121370.8,128941.4,129865640.0
BEBIDAS ARCACONTINENTAL ECUADOR ARCADOR,https://ec.linkedin.com/company/arcacontinentalec?trk=companies_directory,82.0,111,166413.0,ANÓNIMA,"G4630.94 - VENTA AL POR MAYOR DE BEBIDAS NO ALCOHÓLICAS (JUGOS, GASEOSAS, AGUA MINERAL, ETCÉTERA).",SIERRA,PICHINCHA                                         ,QUITO                                             ,GRANDE,SOCIETARIO,1116.0,176718833.0,112677535.0,217426918.0,19785799.9,23277412.0,14198246.8,5587553.08,221204652.0
SERVICIOS DE TELECOMUNICACIONES SETEL S.A,https://www.linkedin.com/company/setel-s.a./,83.0,105,93431.0,ANÓNIMA,J6190.04 - ACTIVIDADES DE REVENTA DE SERVICIOS DE TELECOMUNICACIONES (SUMINISTRO DE SERVICIOS TELEFÓNICOS Y DE INTERNET EN INSTALACIONES ABIERTAS AL PÚBLICO: CABINAS TELEFÓNICAS Y CIBERCAFÉS.),SIERRA,PICHINCHA                                         ,QUITO                                             ,GRANDE,SOCIETARIO,1448.0,174696284.0,79710725.0,119745624.0,14637760.2,17220894.0,10572631.3,4065128.94,121492888.0
IASA,https://www.linkedin.com/company/iasaglobal/?originalSubdomain=ec,84.0,104,2592.0,ANÓNIMA,G4659.22 - VENTA AL POR MAYOR DE MAQUINARÍA PARA LA MINERÍA Y CONSTRUCCIÓN; INCLUYE PARTES Y PIEZAS.,COSTA,GUAYAS                                            ,GUAYAQUIL                                         ,GRANDE,SOCIETARIO,323.0,170637068.0,108188728.0,84081850.2,3830038.62,4505927.8,2526465.56,1303573.06,91407989.1
FABRICA DE ENVASES FADESA,https://ec.linkedin.com/company/fadesa?trk=companies_directory,85.0,7531,25119.0,ANÓNIMA,"C2591.00 - ACTIVIDADES DE FORJA, PRENSADO, ESTAMPADO Y LAMINADO DE METALES; PULVIMETALURGIA, PRODUCCIÓN DE OBJETOS DE METAL DIRECTAMENTE A PARTIR DE POLVOS DE METAL QUE SE SOMETEN A TRATAMIENTO CALORÍFICO (SINTERIZACIÓN) O DE COMPRESIÓN.",COSTA,GUAYAS                                            ,GUAYAQUIL                                         ,GRANDE,MERCADO DE VALORES,855.0,169721688.42,76114973.11,140819790.8,10314701.33,12134943.03,7974092.76,3056284.38,142289258.54
INDUSTRIAL DANEC SA,https://ec.linkedin.com/company/industrial-danec-s-a?trk=companies_directory,86.0,115,1587.0,ANÓNIMA,"C1040.11 - ELABORACIÓN DE ACEITES CRUDOS VEGETALES (SIN REFINAR) DE: OLIVA, SOYA, PALMA, SEMILLA DE GIRASOL, SEMILLA DE ALGODÓN, COLZA, REPOLLO O MOSTAZA, LINAZA, ETCÉTERA.",SIERRA,PICHINCHA                                         ,QUITO                                             ,GRANDE,SOCIETARIO,1136.0,163757702.0,31330757.8,230618916.0,737693.81,867875.0,-109427.06,847120.87,230831701.0
HOLDING TONICORP,https://www.linkedin.com/company/tonicorp/?originalSubdomain=ec,88.0,108,141109.0,ANÓNIMA,"K6420.00 - ACTIVIDADES DE SOCIEDADES DE CARTERA, ES DECIR, UNIDADES TENEDORAS DE ACTIVOS DE UN GRUPO DE EMPRESAS FILIALES (CON PARTICIPACIÓN DE CONTROL EN SU CAPITAL SOCIAL) Y CUYA ACTIVIDAD PRINCIPAL CONSISTE EN LA PROPIEDAD DEL GRUPO. LAS SOCIEDADES DE CARTERA CLASIFICADAS EN ESTA CLASE NO SUMINISTRAN NINGÚN OTRO SERVICIO A LAS EMPRESAS PARTICIPADAS, ES DECIR, NO ADMINISTRAN NI GESTIONAN OTRAS UNIDADES.",COSTA,GUAYAS                                            ,GUAYAQUIL                                         ,MEDIANA,MERCADO DE VALORES,5.0,160964417.16,160955600.1,2443481.44,-4036985.92,-4036985.92,-4036985.92,4077977.3878,2458201.26
AUTOMOTORES Y ANEXOS (A.Y.A.),https://ec.linkedin.com/company/automotores-y-anexos-s-a-?trk=companies_directory,89.0,107,85.0,ANÓNIMA,"G4510.01 - VENTA DE VEHÍCULOS NUEVOS Y USADOS: VEHÍCULOS DE PASAJEROS, INCLUIDOS VEHÍCULOS ESPECIALIZADOS COMO: AMBULANCIAS Y MINIBUSES, CAMIONES, REMOLQUES Y SEMIRREMOLQUES, VEHÍCULOS DE ACAMPADA COMO: CARAVANAS Y AUTOCARAVANAS, VEHÍCULOS PARA TODO TERRENO (JEEPS, ETCÉTERA), INCLUIDO LA VENTA AL POR MAYOR Y AL POR MENOR POR COMISIONISTAS.",SIERRA,PICHINCHA                                         ,QUITO                                             ,GRANDE,MERCADO DE VALORES,660.0,160696498.21,63281918.02,142143272.4,266648.7,-558837.58,266648.7,4077977.3878,146314989.99
PAPELERA NACIONAL SA,https://ec.linkedin.com/company/papelera-nacional-s-a-?trk=companies_directory,90.0,114,3680.0,ANÓNIMA,C1701.03 - FABRICACIÓN DE PAPEL Y CARTÓN PARA SU POSTERIOR ELABORACIÓN INDUSTRIAL.,COSTA,GUAYAS                                            ,CRNEL. MARCELINO MARIDUEÑA (SAN CARLOS)           ,GRANDE,SOCIETARIO,627.0,159690936.0,119739619.0,156267717.0,20064666.0,23605490.0,14629235.5,5435430.56,158451489.0
UNILEVER ANDINA ECUADOR,https://www.linkedin.com/company/unilever/people/?facetGeoRegion=ec%3A0&keywords=ecuador,91.0,100,49769.0,ANÓNIMA,"C2023.11 - FABRICACIÓN DE AGENTES ORGÁNICOS TENSOACTIVOS Y PREPARADOS TENSOACTIVOS (DETERGENTES) PARA LAVAR EN POLVO O LÍQUIDOS; BARRAS (JABÓN), PASTILLAS, PIEZAS, PREPARADOS PARA FREGAR PLATOS (LAVAVAJILLAS); SUAVIZANTES TEXTILES, INCLUIDO JABÓN COSMÉTICO.",COSTA,GUAYAS                                            ,GUAYAQUIL                                         ,GRANDE,SOCIETARIO,632.0,159455050.0,57517195.2,267427159.0,15724154.5,18499005.0,5379145.19,10345009.3,267427159.0
CONSENSOCORP,https://www.linkedin.com/company/grupoconsenso/,92.0,112,202176.0,ANÓNIMA,"K6420.00 - ACTIVIDADES DE SOCIEDADES DE CARTERA, ES DECIR, UNIDADES TENEDORAS DE ACTIVOS DE UN GRUPO DE EMPRESAS FILIALES (CON PARTICIPACIÓN DE CONTROL EN SU CAPITAL SOCIAL) Y CUYA ACTIVIDAD PRINCIPAL CONSISTE EN LA PROPIEDAD DEL GRUPO. LAS SOCIEDADES DE CARTERA CLASIFICADAS EN ESTA CLASE NO SUMINISTRAN NINGÚN OTRO SERVICIO A LAS EMPRESAS PARTICIPADAS, ES DECIR, NO ADMINISTRAN NI GESTIONAN OTRAS UNIDADES.",SIERRA,AZUAY                                             ,CUENCA                                            ,GRANDE,SOCIETARIO,2.0,159276230.0,159098388.0,245102965.54899994,4173980.24,4173980.24,4173980.24,4077977.3878,5756472.59
INDUGLOB S. A.,https://www.linkedin.com/company/indurama/?originalSubdomain=ec,96.0,119,30024.0,ANÓNIMA,"C2610.11 - FABRICACIÓN DE SEMICONDUCTORES, CONDENSADORES ELECTRÓNICOS, MICROPROCESADORES, TABLEROS DE CIRCUITOS IMPRESOS Y TABLEROS SIN IMPRIMIR, INCLUIDO LA CARGA DE COMPONENTES EN TABLEROS DE CIRCUITOS IMPRESOS Y OTROS COMPONENTES PARA ",SIERRA,AZUAY                                             ,CUENCA                                            ,GRANDE,MERCADO DE VALORES,1816.0,155138428.86,71202279.35,172708165.0,7013597.65,9850392.39,5420675.48,1763223.26,172708165.04
CONTINENTAL TIRE ANDINA S. A.,https://www.linkedin.com/company/continental/people/?facetGeoRegion=ec%3A0,97.0,109,407.0,ANÓNIMA,"C2211.01 - FABRICACIÓN DE CUBIERTAS DE CAUCHO PARA: VEHÍCULOS, EQUIPO, MAQUINARIA MÓVIL, AERONAVES, JUGUETES, MUEBLES Y OTROS USOS: NEUMÁTICOS, LLANTAS.",SIERRA,AZUAY                                             ,CUENCA                                            ,GRANDE,MERCADO DE VALORES,892.0,153613107.44,86451042.4,108663215.1,-3288827.26,-3288727.26,-3795308.88,711118.95,109428225.63
AB INBEV HOLDING ECUADOR AB-INBEV S.,https://www.linkedin.com/company/cervecerianacional/?originalSubdomain=ec,98.0,-,728633.0,SOCIEDAD POR ACCIONES SIMPLIFICADA,"K6420.00 - ACTIVIDADES DE SOCIEDADES DE CARTERA, ES DECIR, UNIDADES TENEDORAS DE ACTIVOS DE UN GRUPO DE EMPRESAS FILIALES (CON PARTICIPACIÓN DE CONTROL EN SU CAPITAL SOCIAL) Y CUYA ACTIVIDAD PRINCIPAL CONSISTE EN LA PROPIEDAD DEL GRUPO. LAS SOCIEDADES DE CARTERA CLASIFICADAS EN ESTA CLASE NO SUMINISTRAN NINGÚN OTRO SERVICIO A LAS EMPRESAS PARTICIPADAS, ES DECIR, NO ADMINISTRAN NI GESTIONAN OTRAS UNIDADES.",COSTA,GUAYAS                                            ,GUAYAQUIL                                         ,GRANDE,SOCIETARIO,2.0,153208181.0,147345122.0,245102965.54899994,236122092.0,236122091.6,236122092.0,4077977.3878,236122411.0
INDUSTRIAL MOLINERA CA,https://ec.linkedin.com/company/industrial-molinera?trk=companies_directory,99.0,113,2411.0,ANÓNIMA,"C1061.11 - MOLIENDA DE CEREALES, PRODUCCIÓN DE HARINA, SEMOLINA, SÉMOLA Y GRÁNULOS DE: TRIGO, CENTENO, AVENA, MAÍZ Y OTROS CEREALES.",COSTA,GUAYAS                                            ,GUAYAQUIL                                         ,GRANDE,SOCIETARIO,238.0,151314547.0,42981811.5,57250724.8,1018653.88,1198416.3,114041.11,904612.77,59233026.7
FARMAENLACE CIA. LTDA,https://ec.linkedin.com/company/farmaenlance?trk=companies_directory,100.0,134,153345.0,RESPONSABILIDAD LIMITADA,"G4649.22 - VENTA AL POR MAYOR DE PRODUCTOS FARMACÉUTICOS, INCLUSO VETERINARIOS.",SIERRA,PICHINCHA                                         ,QUITO                                             ,GRANDE,MERCADO DE VALORES,3815.0,148432278.0,27002034.0,445057795.0,23360815.0,27483305.0,16516684.0,7002663.0,445882129.0
PRIMAX COMERCIAL DEL ECUADOR SOCIEDAD ANONIMA,https://ec.linkedin.com/company/primax-s.a?trk=companies_directory,101.0,130,86945.0,ANÓNIMA,"G4661.03 - VENTA AL POR MAYOR DE COMBUSTIBLES LÍQUIDOS NAFTA, GASOLINA, BIOCOMBUSTIBLE INCLUYE GRASAS, LUBRICANTES Y ACEITES, GASES LICUADOS DE PETRÓLEO, BUTANO Y PROPANO.",SIERRA,PICHINCHA                                         ,QUITO                                             ,GRANDE,SOCIETARIO,4.0,147737347.0,32515292.9,536019078.0,5784454.35,6805240.0,3791561.17,1992893.18,536939332.0
EUROFISH,https://ec.linkedin.com/company/eurofish-s-a?trk=companies_directory,117.0,144,34449.0,ANÓNIMA,"C1020.04 - ELABORACIÓN DE PRODUCTOS DE PESCADO: COCINADO, FILETES DE PESCADO, HUEVOS DE PESCADO, CAVIAR Y SUSTITUTOS DEL CAVIAR, ETCÉTERA. ELABORACIÓN DE PRODUCTOS DE CRUSTÁCEOS (EXCEPTO CAMARÓN Y LANGOSTINOS) Y OTROS MOLUSCOS MEDIANTE EL SECADO, SALAZÓN, CONSERVACIÓN EN SALMUERA, ENLATADOS, AHUMADO, ETCÉTERA.",COSTA,MANABI                                            ,MONTECRISTI                                       ,GRANDE,MERCADO DE VALORES,2008.0,127872187.0,66101947.58,161107945.3,13693997.13,8815612.77,11433625.02,2354191.87,161107945.35
FERTISA AGIF C.L.,https://ec.linkedin.com/company/fertisa-agif-cl?trk=companies_directory,135.0,228,724114.0,RESPONSABILIDAD LIMITADA,M7210.24 - INVESTIGACIÓN Y DESARROLLO EN CIENCIAS AGROPECUARIAS.,COSTA,GUAYAS                                            ,GUAYAQUIL                                         ,GRANDE,SOCIETARIO,227.0,115701148.0,18468119.8,120843914.0,1532337.13,1802749.0,876168.4,656168.73,121876797.0
SALICA DEL ECUADOR,https://ec.linkedin.com/company/salica-del-ecuador-s-a?trk=companies_directory,141.0,158,103904.0,ANÓNIMA,"A0311.01 - ACTIVIDADES DE PESCA DE ALTURA Y COSTERA: EXTRACCIÓN DE PECES, CRUSTÁCEOS Y MOLUSCOS MARINOS, TORTUGAS, ERIZOS DE MAR, ASCIDIAS Y OTROS TUNICADOS, ETCÉTERA.",COSTA,GUAYAS                                            ,GUAYAQUIL                                         ,GRANDE,SOCIETARIO,2162.0,112030622.0,32024707.1,163566765.0,-145739049.0,2929100.0,-145739049.0,4077977.3878,164541841.0
ICESA,https://ec.linkedin.com/company/icesa-?trk=companies_directory,142.0,149,4294.0,ANÓNIMA,"G4759.05 - VENTA AL POR MENOR DE ELECTRODOMÉSTICOS EN ESTABLECIMIENTOS ESPECIALIZADOS: REFRIGERADORAS, COCINAS, MICROONDAS, ETCÉTERA.",SIERRA,PICHINCHA                                         ,QUITO                                             ,GRANDE,MERCADO DE VALORES,669.0,111593908.38,19972577.3,75181295.09,-4736231.36,-4736231.36,-4736231.36,4077977.3878,76518012.84
CASABACA,https://ec.linkedin.com/company/casabaca-?trk=companies_directory,206.0,227,168.0,ANÓNIMA,"G4510.01 - VENTA DE VEHÍCULOS NUEVOS Y USADOS: VEHÍCULOS DE PASAJEROS, INCLUIDOS VEHÍCULOS ESPECIALIZADOS COMO: AMBULANCIAS Y MINIBUSES, CAMIONES, REMOLQUES Y SEMIRREMOLQUES, VEHÍCULOS DE ACAMPADA COMO: CARAVANAS Y AUTOCARAVANAS, VEHÍCULOS PARA TODO TERRENO (JEEPS, ETCÉTERA), INCLUIDO LA VENTA AL POR MAYOR Y AL POR MENOR POR COMISIONISTAS.",SIERRA,PICHINCHA                                         ,QUITO                                             ,GRANDE,MERCADO DE VALORES,537.0,78765016.46,31428101.87,115236860.4,306714.65,360840.76,153367.91,434552.9,115434695.56
ALESSA,https://ec.linkedin.com/company/alessa?trk=companies_directory,207.0,263,100967.0,ANÓNIMA,"G4649.11 - VENTA AL POR MAYOR DE ELECTRODOMÉSTICOS Y APARATOS DE USO DOMÉSTICO: REFRIGERADORAS, COCINAS, LAVADORAS, ETCÉTERA. INCLUYE EQUIPOS DE TELEVISIÓN, ESTÉREOS (EQUIPOS DE SONIDO), EQUIPOS DE GRABACIÓN Y REPRODUCTORES DE CD Y DVD, CINTAS DE AUDIO Y VIDEO CDS, DVD GRABADAS.",COSTA,GUAYAS                                            ,GUAYAQUIL                                         ,GRANDE,SOCIETARIO,548.0,78690106.2,15985589.5,58938196.1,4237817.72,4985667.9,2900466.41,1337351.31,60859186.5
ALESSA,https://ec.linkedin.com/company/alessa-s-a?trk=companies_directory,207.0,263,100967.0,ANÓNIMA,"G4649.11 - VENTA AL POR MAYOR DE ELECTRODOMÉSTICOS Y APARATOS DE USO DOMÉSTICO: REFRIGERADORAS, COCINAS, LAVADORAS, ETCÉTERA. INCLUYE EQUIPOS DE TELEVISIÓN, ESTÉREOS (EQUIPOS DE SONIDO), EQUIPOS DE GRABACIÓN Y REPRODUCTORES DE CD Y DVD, CINTAS DE AUDIO Y VIDEO CDS, DVD GRABADAS.",COSTA,GUAYAS                                            ,GUAYAQUIL                                         ,GRANDE,SOCIETARIO,548.0,78690106.2,15985589.5,58938196.1,4237817.72,4985667.9,2900466.41,1337351.31,60859186.5
CONAUTO C.A.,https://ec.linkedin.com/company/conauto-c-a-?trk=companies_directory,216.0,259,4904.0,ANÓNIMA,"G4661.03 - VENTA AL POR MAYOR DE COMBUSTIBLES LÍQUIDOS NAFTA, GASOLINA, BIOCOMBUSTIBLE INCLUYE GRASAS, LUBRICANTES Y ACEITES, GASES LICUADOS DE PETRÓLEO, BUTANO Y PROPANO.",COSTA,GUAYAS                                            ,GUAYAQUIL                                         ,GRANDE,SOCIETARIO,19.0,77273086.6,56250794.1,70182836.5,1396270.87,1642816.2,873636.72,522634.15,70437077.6
NEFROCONTROL,https://ec.linkedin.com/company/nefrocontrol-s-a-?trk=companies_directory,218.0,348,86099.0,ANÓNIMA,"C2100.01 - FABRICACIÓN DE SUSTANCIAS MEDICINALES ACTIVAS QUE SE UTILIZAN POR SUS PROPIEDADES FARMACOLÓGICAS EN LA FABRICACIÓN DE MEDICAMENTOS: ANTIBIÓTICOS, VITAMINAS BÁSICAS, ÁCIDO SALICÍLICO Y ACETILSALICÍLICO, ETCÉTERA, TRATAMIENTO DE LA SANGRE, FABRICACIÓN DE MEDICAMENTOS: ANTISUEROS Y OTRAS FRACCIONES DE SANGRE, AZÚCARES QUÍMICAMENTE PUROS, PRODUCTOS Y EXTRACTOS ENDOCRINOS,  VACUNAS. INCLUIDOS PREPARADOS HOMEOPÁTICOS, FABRICACIÓN Y PROCESAMIENTO DE GLÁNDULAS Y EXTRACTOS GLANDULARES, FABRICACIÓN DE PRODUCTOS QUÍMICOS ANTICONCEPTIVOS DE USO EXTERNO Y DE MEDICAMENTOS ANTICONCEPTIVOS HORMONALES, FABRICACIÓN DE PREPARADOS PARA EL DIAGNÓSTICO MÉDICO, INCLUIDAS PRUEBAS DE EMBARAZO, ETCÉTERA.",SIERRA,PICHINCHA                                         ,QUITO                                             ,GRANDE,SOCIETARIO,181.0,77198499.7,34247956.9,40026070.2,2211089.85,2601282.2,1242802.49,968287.36,40494360.2
ASISERVY,https://ec.linkedin.com/company/asiservy-s-a?trk=companies_directory,223.0,248,72073.0,ANÓNIMA,"C1020.02 - PREPARACIÓN Y CONSERVACIÓN DE PESCADO, CRUSTÁCEOS (EXCEPTO CAMARÓN Y LANGOSTINOS) Y OTROS MOLUSCOS MEDIANTE EL CONGELADO, ULTRACONGELADO, SECADO, AHUMADO, SALADO, SUMERGIDO EN SALMUERA Y ENLATADO, ETCÉTERA.",COSTA,MANABI                                            ,JARAMIJÓ                                          ,GRANDE,MERCADO DE VALORES,681.0,76270753.03,26672124.73,77754272.53,267692.71,314932.51,195935.83,71756.88,78300290.49
PICA PLASTICOS INDUSTRIALES CA,https://ec.linkedin.com/company/pica-plasticos-industriales-ca?trk=companies_directory,248.0,284,3723.0,ANÓNIMA,"G4669.21 - VENTA AL POR MAYOR DE MATERIALES PLÁSTICOS EN FORMAS PRIMARIAS, CAUCHO, FIBRAS TEXTILES, ETCÉTERA.",COSTA,GUAYAS                                            ,GUAYAQUIL                                         ,GRANDE,SOCIETARIO,824.0,66954257.3,30831063.3,53060767.1,381099.36,448352.2,-22978.4,404077.76,53706058.5
ELECTROCABLES C.A.,https://ec.linkedin.com/company/electrocables-c-a?trk=companies_directory,264.0,294,19691.0,ANÓNIMA,"C2732.01 - FABRICACIÓN DE HILOS Y CABLES AISLADOS DE ACERO, COBRE, ALUMINIO Y OTROS JUEGOS DE CABLES ELÉCTRICOS AISLADOS Y ENCHUFE.",COSTA,GUAYAS                                            ,GUAYAQUIL                                         ,GRANDE,MERCADO DE VALORES,253.0,64086339.13,26854978.49,56763286.51,1432294.87,1432294.87,1432294.87,4077977.3878,56920160.98
DITECA,https://ec.linkedin.com/company/ditecakomatsu?trk=companies_directory,279.0,349,69919.0,ANÓNIMA,G4659.22 - VENTA AL POR MAYOR DE MAQUINARÍA PARA LA MINERÍA Y CONSTRUCCIÓN; INCLUYE PARTES Y PIEZAS.,COSTA,GUAYAS                                            ,SAMBORONDÓN                                       ,GRANDE,MERCADO DE VALORES,156.0,61029323.56,21146308.97,39295802.19,2020688.7,1253090.11,1251211.79,1121466.15,41562231.34
INDEUREC,https://ec.linkedin.com/company/indeurec-?trk=companies_directory,283.0,489,67858.0,ANÓNIMA,"C2100.01 - FABRICACIÓN DE SUSTANCIAS MEDICINALES ACTIVAS QUE SE UTILIZAN POR SUS PROPIEDADES FARMACOLÓGICAS EN LA FABRICACIÓN DE MEDICAMENTOS: ANTIBIÓTICOS, VITAMINAS BÁSICAS, ÁCIDO SALICÍLICO Y ACETILSALICÍLICO, ETCÉTERA, TRATAMIENTO DE LA SANGRE, FABRICACIÓN DE MEDICAMENTOS: ANTISUEROS Y OTRAS FRACCIONES DE SANGRE, AZÚCARES QUÍMICAMENTE PUROS, PRODUCTOS Y EXTRACTOS ENDOCRINOS,  VACUNAS. INCLUIDOS PREPARADOS HOMEOPÁTICOS, FABRICACIÓN Y PROCESAMIENTO DE GLÁNDULAS Y EXTRACTOS GLANDULARES, FABRICACIÓN DE PRODUCTOS QUÍMICOS ANTICONCEPTIVOS DE USO EXTERNO Y DE MEDICAMENTOS ANTICONCEPTIVOS HORMONALES, FABRICACIÓN DE PREPARADOS PARA EL DIAGNÓSTICO MÉDICO, INCLUIDAS PRUEBAS DE EMBARAZO, ETCÉTERA.",COSTA,GUAYAS                                            ,ELOY ALFARO (DURAN)                               ,GRANDE,SOCIETARIO,370.0,60500792.4,25165520.4,31508783.1,1827172.32,2149614.5,1043475.33,783696.99,31832133.3
TECNOMEGA C.A.,https://ec.linkedin.com/company/tecnomega-c-a-?trk=companies_directory,327.0,430,87853.0,ANÓNIMA,G4651.01 - VENTA AL POR MAYOR DE COMPUTADORAS Y EQUIPO PERIFÉRICO.,SIERRA,PICHINCHA                                         ,QUITO                                             ,GRANDE,SOCIETARIO,6.0,53130699.4,28881598.8,84619202.4,3896665.05,4584311.8,3065605.92,831059.13,86851591.9
LIMBOMAR,https://ec.linkedin.com/company/limbomar-?trk=companies_directory,338.0,500,140508.0,ANÓNIMA,"G4630.33 - VENTA AL POR MAYOR DE PESCADO, CRUSTÁCEOS, MOLUSCOS Y PRODUCTOS DE LA PESCA.",COSTA,GUAYAS                                            ,ELOY ALFARO (DURAN)                               ,GRANDE,SOCIETARIO,317.0,51760114.5,31612077.1,51133107.6,8042151.24,9461354.4,7582262.99,459888.25,51318517.2
COFIMAR,https://ec.linkedin.com/company/cofimarec?trk=companies_directory,345.0,407,73050.0,ANÓNIMA,"A0321.02 - EXPLOTACIÓN DE CRIADEROS DE CAMARONES (CAMARONERAS), CRIADEROS DE LARVAS  DE CAMARÓN (LABORATORIOS DE LARVAS DE CAMARÓN).",COSTA,GUAYAS                                            ,GUAYAQUIL                                         ,GRANDE,SOCIETARIO,1413.0,50662705.0,13720227.9,89529402.3,2133282.26,2509743.8,1778109.54,355172.72,91777917.3
