,Support,Operations,Administrative,Sales,Information Technology,Military and Protective Services,Finance,Accounting,Business Development,Education,Human Resources,Entrepreneurship,Marketing,Engineering,Arts and Design,Community and Social Services,Research,Media and Communication,Healthcare Services,Legal,Program and Project Management,Purchasing,Real Estate,Consulting,Quality Assurance,Product Management
CORPORACION FAVORITA C.A.,647,294,195,94,78,74,51,37,31,27,25,25,24,22,15,,,,,,,,,,,
CONSORCIO ECUATORIANO DE TELECOMUNICACIONES   CONECEL,174,101,44,101,89,,37,49,63,,,26,14,105,,,,,,,25,,77,32,12,
CORPORACION QUIPORT,12,31,16,,12,7,6,,18,,4,5,5,13,5,8,,8,,4,,,,,,
CORPORACION EL ROSADO,920,"1,220",248,162,89,37,58,77,40,35,,,61,31,33,,,,,,31,40,,,,
OTECEL,25,13,5,46,6,,5,,16,3,2,5,8,3,,,,6,,,4,,15,,,
PROCESADORA NACIONAL DE ALIMENTOS C.A. PRONACA,68,972,250,277,178,,123,160,135,,68,,99,137,,,70,72,91,,,,,,82,
SCHLUMBERGER DEL ECUADOR,"3,013","30,825",,"5,570","8,018",,"2,201","3,073","2,882",,"2,937",,902,"24,893","1,794",,"3,949",,,,"3,097","1,863",,,,868
HOLCIM ECUADOR,12,236,29,24,26,,21,14,21,,18,,24,50,16,,,8,,34,9,,,,,
TIENDAS INDUSTRIALES ASOCIADAS TIA,529,432,230,107,37,20,38,34,42,58,20,,41,53,,,19,,,,,27,,,,
DPWORLD POSORJA,463,"4,037",615,449,930,554,385,596,697,261,471,,,"1,393",,146,,,,,233,178,,,,
LA FABRIL,23,228,44,131,37,20,25,34,55,24,,,82,48,,,25,24,,,,,,,24,
CERVECERIA NACIONAL CN,74,573,70,313,58,,53,79,138,43,55,,65,100,,,,22,,,,,23,,38,
COMPANIA GENERAL DE COMERCIO Y MANDATO SOCIEDAD ANONIMA,63,119,59,108,35,21,35,65,50,15,11,,15,18,,,,,,,12,,53,,,
DISTRIBUIDORA FARMACEUTICA ECUATORIANA (DIFARE),102,320,239,277,141,,41,76,99,29,42,,80,,,,,,287,40,34,,67,,,
REYBANPAC REY BANANO DEL PACIFICO C.L.,13,113,39,26,58,,27,37,39,,22,,11,21,,,13,21,,,12,,,,14,
ALMACENES DE PRATI SA,227,145,68,300,28,48,64,98,37,,53,,57,21,46,,,,,20,,59,,,,
INTERNATIONAL WATER SERVICES ( GUAYAQUIL ) INTERAGUA C. LTDA.,10,105,46,,41,7,6,26,10,,,,,66,7,7,15,8,,11,7,,,,,
ENAP SIPETROL,6,109,22,,19,6,10,9,14,6,13,6,,37,,,34,5,,,,11,,,,
ALMACENES JUAN ELJURI CIA. LTDA.,14,49,29,90,29,,22,40,28,,10,,27,12,12,,,,,14,,6,18,,,
GERARDO ORTIZ E HIJOS C LTDA,39,66,29,78,26,,8,23,31,,10,,13,12,12,,,,,7,10,,15,,,
HALLIBURTON LATIN AMERICA S.R.L.,"5,744","18,416",,"2,645","5,411",,,"1,475","2,474","1,140","1,485",,,"13,324",,"1,088","2,022",,,,"1,413","1,063",,840,"1,069",
CONTECON GUAYAQUIL,7,120,14,,14,6,11,37,10,,10,,,16,,7,,3,3,5,,7,,,,
MAQUINARIAS Y VEHICULOS   MAVESA,71,178,51,72,46,14,24,56,31,14,12,,,30,18,,,,,17,,,47,,,
OPERADORA Y PROCESADORA DE PRODUCTOS MARINOS OMARSA SA,36,635,67,34,57,,,58,35,,43,25,,37,26,27,33,33,,,,,,,61,
FARMACIAS Y COMISARIATOS DE MEDICINAS SA FARCOMED,13,9,6,10,1,1,3,2,,2,5,,2,,,,1,1,2,,2,,,,,
COMERCIAL KYWI SA,32,27,12,44,6,2,3,4,,5,3,3,13,,3,,,,,,,,7,,,4
LA GANGA R.C.A.,49,61,32,158,22,,25,51,14,,7,10,4,11,,,,3,,6,,,24,,,
"AC BEBIDAS, S. DE R.L. DE C.V.",336,"2,441",429,"1,463",430,,248,294,453,,391,188,499,368,,,,161,,,,,145,,257,
NESTLE ECUADOR,"8,345","47,699",,"36,958","11,632",,"5,651",,"13,611","6,027","7,438",,"16,353","11,110",,,"6,885","4,701","6,438",,"4,903","3,380",,,,
TELCONET,29,223,164,65,354,,,24,45,20,19,28,,420,30,,,,41,,18,,,34,,
INT FOOD SERVICES CORP,97,137,34,26,45,,23,29,23,9,25,,22,22,,,8,,,,10,,,,9,
HOTELES DECAMERON ECUADOR,91,366,142,141,70,,75,137,99,,48,,58,37,61,24,,25,,,,,61,,,
SUPERDEPORTE,31,34,8,40,8,,3,,4,6,9,,15,,10,7,,,3,,3,,6,,,
GENERAL MOTORS DEL ECUADOR SA,"4,460","36,339",,"8,439","12,030",,"4,936",,"7,554",,"3,615",,"2,385","32,406","5,225",,"2,509",,,,"4,357","2,122",,,"5,769","1,028"
SURPAPELCORP,5,106,23,4,14,,5,11,7,6,,6,,14,9,,3,22,,,3,,,,,
MARCIMEX,49,77,46,132,33,,33,42,55,,25,9,24,16,,,,,7,10,,,51,,,
IMPORTADORA TOMEBAMBA,9,19,8,5,1,1,3,5,10,1,,2,2,,2,,,1,,,,,3,,,
INDUSTRIAS ALES CA,13,78,42,89,14,,24,34,53,9,18,,59,18,,,8,,,,,,11,,13,
ECUAQUIMICA ECUATORIANA DE PRODUCTOS QUIMICOS CA,12,129,57,91,53,,29,29,21,11,12,,25,28,,,13,,17,,,,14,,,
SINOPEC INTERNATIONAL PETROLEUM SERVICE ECUADOR,3,27,5,,2,,3,1,1,,2,,,10,,3,2,,2,2,,2,,1,,
CRECOSCORP,36,79,36,78,32,,58,43,23,,10,,16,22,,,,7,,8,,,22,,,10
CARTONES NACIONALES   I CARTOPEL,4,79,16,9,5,3,4,11,4,6,16,,,22,6,,,7,,,,,,,5,
UNICOMER DE ECUADOR,326,348,198,649,194,,257,332,143,59,116,,119,95,,,,,47,,62,60,,,,
SERVICIOS DE TELECOMUNICACIONES SETEL S.A,1,3,2,1,2,2,,,2,,,,,5,,,,,,,,,,1,,
IASA,48,191,67,131,82,16,29,61,84,35,25,,,147,21,,,,,,30,,16,,,
INDUSTRIAL DANEC SA,4,43,13,44,5,,12,20,11,5,8,,11,,,,7,3,,,,,5,,9,
HOLDING TONICORP,19,272,47,140,28,,22,24,42,,18,16,38,,,,17,24,,,,,25,,15,
AUTOMOTORES Y ANEXOS   (A.Y.A. ),46,97,43,49,22,,26,39,39,,,15,14,19,12,11,,,,,,,57,,18,
UNILEVER ANDINA ECUADOR,"4,862","30,089",,"23,862","8,220",,"5,709",,"10,322","4,659","4,690",,"16,623","6,873","2,845",,"5,394","2,601","3,004",,,"2,384",,,,
INDUGLOB S. A.,34,214,44,57,47,,41,27,56,,27,,107,59,18,,18,19,,,,,,,18,
CONTINENTAL TIRE ANDINA S. A.,"1,960","15,656",,"4,608","7,950",,,,"2,936","1,974","2,280",,"1,176","20,204",,,"1,566","1,363",,,"3,583","1,476",,,"5,690","1,210"
AB INBEV HOLDING ECUADOR AB-INBEV  S.,74,573,70,313,58,,53,79,138,43,55,,65,100,,,,22,,,,,23,,38,
INDUSTRIAL MOLINERA CA,2,27,5,7,4,2,,,4,,2,2,2,,2,2,,4,,,,,2,,2,
FARMAENLACE CIA. LTDA,16,32,35,76,21,,5,4,23,7,9,,26,8,10,,10,,64,,,,,,,
PRIMAX COMERCIAL DEL ECUADOR SOCIEDAD ANONIMA,254,244,120,191,122,,46,68,85,30,29,,51,33,,,,,,,22,19,28,,,
INARPI,4,67,23,4,14,,,3,6,3,4,5,,14,2,4,,,,2,,2,,,,
SUMESA S. A.,22,120,32,82,12,9,17,17,15,,,9,41,,,,,,8,9,9,,,,11,
UNIVERSAL SWEET INDUSTRIES,8,82,15,18,11,,14,10,12,,8,,15,,,5,5,,7,,,7,,,5,
YILPORT TERMINAL OPERATIONS (YILPORTECU),31,264,65,35,64,31,30,38,27,18,31,,,36,,,20,,,,14,23,,,,
NOBOA TRADING CO TCN,2,8,10,3,4,,3,8,7,,2,2,2,,,,3,,1,3,,,,,2,
PRODUCTOS FAMILIA SANCELA DEL ECUADOR S.A,76,461,129,364,89,,46,41,189,46,47,,260,93,,,47,,39,,36,,,,,
GRUPASA GRUPO PAPELERO CIA.LTDA.,12,157,19,15,15,8,6,15,11,,6,,,14,9,,,11,,9,,,,,6,
CORPORACION SUPERIOR CORSUPERIOR,9,55,7,67,10,,,12,25,,8,5,36,,,5,7,7,,5,,,,,11,
MODERNA ALIMENTOS,12,174,22,82,17,,23,20,24,,14,,42,12,,,,14,,13,,,13,,28,
LATAM-AIRLINES ECUADOR,"1,228","7,556",905,"2,225",863,362,387,389,"1,228",327,278,314,,"1,785",269,,,,,,264,,,,,
COMERCIAL ETATEX C.A.,141,58,47,210,15,,31,38,10,,15,,57,,40,,,13,,,,21,20,,,9
FERTISA AGIF C.L.,3,26,6,12,7,,4,4,9,,,5,5,,,,4,,,3,2,3,2,,,
ICESA,39,85,22,161,13,,16,10,22,8,15,8,22,8,,,,,,,5,,46,,,
NATURISA S. A.,2,29,13,,7,,1,14,4,2,6,,,2,,5,17,10,8,,,4,,,,
QUIFATEX SA,40,129,52,179,36,,39,36,68,,20,18,30,,,,,,30,,16,17,48,,,
INTEROC,3,26,8,24,4,,,4,2,,,,2,13,,4,7,,5,3,3,,2,,,
MEGA SANTAMARIA,20,58,22,12,10,,7,2,10,4,4,,13,3,3,,,,,,,4,,,4,
LIRIS S. A.,34,119,28,23,10,,11,24,14,,10,,,11,,,,6,4,5,5,,,,9,
GRAIMAN CIA. LTDA.,9,85,16,38,23,,18,20,29,,12,,13,19,23,,,9,,,12,,,,13,
ECONOFARM,18,28,21,26,32,,2,7,3,,3,,2,,,,6,,40,,3,,,1,1,
TERMINAL AEROPORTUARIA DE GUAYAQUIL   TAGSA,5,27,2,,,17,1,7,,1,2,2,1,2,,1,,,,1,1,,,,,
PYCCA,69,107,30,108,20,,26,26,21,8,11,,32,11,16,,,12,,,,,10,,,
QUITO MOTORS SA COMERCIAL E INDUSTRIAL,2,5,6,9,3,,1,1,3,,1,3,3,2,2,,,,1,,,,3,,,
EXPALSA EXPORTADORA DE ALIMENTOS SA,6,174,18,12,21,,,18,6,7,10,7,,12,,,7,9,,,6,,,,24,
"FERTISA, FERTILIZANTES, TERMINALES I SERVICIOS C.L.",3,26,6,12,7,,4,4,9,,,5,5,,,,4,,,3,2,3,2,,,
MAREAUTO,13,45,25,41,6,,15,20,18,,8,,4,5,,,,3,,3,4,,6,,,
IN.CAR.PALM. INDUSTRIA CARTONERA PALMAR,2,29,13,2,4,,1,3,,,4,3,,4,2,,2,,3,1,,,,,3,
MEGADATOS,42,44,20,84,50,,13,10,19,,8,,11,40,,,,6,,18,,,81,,8,
ALIMENTSA S.A,2,4,3,1,4,2,,1,,,,1,,5,,,2,2,1,,1,,,,2,
REPSOL ECUADOR,768,"4,921","1,155","1,879","1,510",,"1,012",750,"1,307",419,560,,,"2,512",,462,"1,169",416,,,550,,,,,
CASABACA,46,40,36,33,18,,18,19,22,,10,11,10,19,10,,,,,,12,,37,,,
ALESSA,2,1,2,2,,,1,1,2,,,,5,,,,,,,1,,2,1,,,
LATAM AIRLINES GROUP,"1,228","7,556",905,"2,225",863,362,387,389,"1,228",327,278,314,,"1,785",269,,,,,,264,,,,,
TRECX,5,24,5,16,8,2,6,3,4,,,,5,7,3,,,,2,,,4,8,,,
CHAIDE Y CHAIDE SA,8,94,27,32,9,,14,10,9,6,,8,8,11,,,,11,,,,,6,,5,
INTACO ECUADOR,11,92,25,16,21,,11,24,17,,12,,19,17,,,6,,5,,5,,5,,,
CONAUTO C.A.,13,55,18,32,17,,12,7,21,,8,,16,14,,,,,4,4,,,15,,,7
PRODUCTOS METALURGICOS SA (PROMESA),9,52,19,54,13,,13,16,15,4,3,,14,5,,,,4,,,,,35,4,,
YANBAL ECUADOR,184,730,363,"1,028",223,,141,150,626,188,123,105,185,,183,,,123,,,,,,568,,
PROMOTORES INMOBILIARIOS PRONOBIS,2,8,7,,1,,11,3,3,2,,,4,,2,,,,1,6,1,,8,3,,
AUTOMOTORES CONTINENTAL  S.,28,28,14,47,15,,21,14,20,,6,3,5,10,4,,,,5,,,,29,,,
SALUDSA SISTEMA DE MEDICINA PRE-PAGADA DEL ECUADOR,71,199,55,194,35,,14,58,84,,18,,26,26,,,,,75,14,,,50,22,,
PICA PLASTICOS INDUSTRIALES CA,5,150,17,21,10,,10,19,9,,8,5,21,10,8,,,8,,,,,6,,,
PROVEFRUT,4,28,4,4,3,2,3,3,3,,3,,,3,,,,3,3,,,3,,,3,
VECONSA,5,63,9,2,3,,2,4,,,3,,,,,2,,4,3,,2,2,,,16,2
CONSUR R7H,9,5,2,1,3,1,1,,,,1,,,4,,2,1,,3,,,,,,1,
IDEAL ALAMBREC SA,4,55,10,9,6,,5,15,4,,3,,,7,,,,7,4,,4,,8,,4,
LAMINADOS Y TEXTILES LAMITEX S. A.,7,19,7,13,,,1,4,6,2,,,3,2,3,,,3,,,2,3,,,2,
TECNOVA,10,57,4,24,8,,3,8,9,,5,,11,11,,,,3,,,,,4,,8,8
DISTRIBUIDORA IMPORTADORA DIPOR SA,11,59,16,59,4,4,7,20,8,,8,,5,,,,,3,3,,4,,5,,,
CORPORACIÓN FERNÁNDEZ CORPFERNANDEZ,26,80,14,15,16,,11,6,9,,,,8,7,,,5,5,5,5,,,,,7,
FARMAGRO,4,31,6,23,13,2,2,13,9,3,2,,16,16,,3,,,9,,,,,,,
DITECA,7,31,7,9,12,,9,14,5,5,3,,,13,,,,,2,,4,9,2,,,
TRANSMARINA CA,2,29,8,5,3,2,,2,5,,2,2,,5,,,,5,,,3,3,,,5,
VALLEJO ARAUJO,21,55,18,42,8,,11,17,19,,,4,5,5,8,,,,3,,,,54,4,,
SIMED,13,36,19,23,38,,25,14,21,,11,,,32,,,23,,37,16,,,31,,,15
ALVAREZ LARREA EQUIPOS MEDICOS ALEM CIA. LTDA.,2,7,6,14,4,,1,4,,,2,,2,6,1,,1,,2,3,1,,,,,
LACTEOS SAN ANTONIO CA,1,17,4,8,4,,4,2,1,,1,,3,,,,1,,,1,,1,1,,4,
PINTURAS CONDOR SA,10,27,6,48,8,3,4,8,8,,3,,15,4,7,,,,,,,4,4,,,
COLINEAL CORPORATION CIA. LTDA.,11,71,21,82,4,,8,9,14,,,,16,9,27,,,5,,,,5,14,,5,
NIPRO MEDICAL CORPORATION,27,118,52,201,53,,25,41,44,,19,,18,40,,,28,,70,,,,23,,27,
MOLINOS CHAMPION   MOCHASA,2,22,9,8,3,,1,12,6,2,,,3,2,,,3,,3,,4,,,,4,
PRODUCTOS PARAISO DEL ECUADOR SA,5,31,12,27,5,,,10,3,,4,3,6,,,,,6,6,4,3,,3,,,
HEINEKEN ECUADOR,5,31,,41,8,,3,8,13,3,6,,11,12,,,5,2,,6,,,8,,,
PROVEFARMA,5,49,11,3,10,,6,4,4,,1,,4,3,,,,,7,,,5,,3,2,
HIVIMAR,11,59,13,57,9,5,25,22,14,,4,,6,16,,,,,,,,3,18,,,9
DIPAC MANTA,9,34,6,19,8,,10,10,4,2,5,,,,,,,2,2,,5,,7,,2,
INDUSTRIA ECUATORIANA DE CABLES INCABLE,3,59,9,22,7,,2,8,,4,1,,,6,,,,6,1,,2,,2,,10,
NUEVAS OPERACIONES COMERCIALES (NUCOPSA),57,31,11,28,5,3,3,3,2,,4,,2,,,,,7,1,,1,,1,,,
BMI IGUALAS MEDICAS DEL ECUADOR,16,12,15,41,7,,14,15,22,,6,,4,5,,,,,4,4,,,20,4,,
INVERNEG,5,11,4,12,1,,7,6,8,,1,,6,1,1,,,,,,,1,6,1,,
ITALPISOS SA,1,8,,1,,,1,1,1,,,,,,3,,1,1,,,,,,,,
MULTICINES,41,47,14,12,12,,3,8,4,,15,3,5,,3,,,5,3,,3,,,,,
INDUAUTO SA,10,20,13,15,6,,12,13,8,4,3,,4,5,3,,,,,,,2,14,,,
MEGAPROFER,4,25,13,23,12,,3,9,5,,11,,6,12,,5,,,,4,,6,25,,,
COMPAÑIA ANONIMA EL UNIVERSO,10,49,19,27,18,,,13,24,12,,,16,23,46,,11,126,,,10,,13,,,
BIOALIMENTAR CIA. LTDA.,2,15,6,5,2,3,2,6,3,,3,,5,2,,,,,2,,,,6,,5,
LABORATORIOS INDUSTRIALES FARMACEUTICOS ECUATORIANOS LIFE,6,58,10,53,16,,4,12,7,,7,,7,7,,,24,,8,,,,,,18,8
FUROIANI OBRAS Y PROYECTOS,2,10,,7,5,,9,6,5,,4,,3,6,8,,,,1,,3,,15,2,,
SWISSOIL DEL ECUADOR   (SWISSOIL),2,13,1,4,3,,,1,7,,,,,3,1,,3,1,3,,1,1,,,1,
CHINA HIDROELECTRICIDAD INGENIERIA CONSULTORIO GRUPO CO. (HYDROCHINA CORPORATION),4,22,8,12,4,2,4,5,8,,3,,,40,,4,,4,,,3,,,,8,
AUDIOVISION ELECTRONICA AUDIOELEC,2,27,2,5,10,2,2,6,4,2,1,,8,11,,,,,1,,,,,,4,
LUBRICANTES INTERNACIONALES   (LUBRISA),1,7,3,6,2,,1,4,2,1,,1,,1,,,1,2,1,,,,,1,,
INDUSUR INDUSTRIAL DEL SUR SA,10,28,13,26,8,,6,5,5,,2,,2,15,3,,,,,3,,2,16,,,
ARTES GRAFICAS SENEFELDER CA,11,49,4,12,17,4,6,2,5,2,7,,,5,15,,,8,,,,2,,,,
AUTOMEKANO CIA. LTDA.,7,19,5,13,5,2,1,6,4,,,,,6,4,,,,1,1,,2,20,,,
IMBAUTO S.A,5,18,12,16,7,,6,,8,,2,3,2,5,7,,,2,,,,,13,,2,
PUNTONET,37,39,52,64,94,,8,15,28,,13,,10,59,,,,,6,9,,,15,10,,
UNICOL,1,18,3,1,1,1,3,4,2,,,,2,1,,,,2,1,,,,,,2,
ELECTRONICA SIGLO XXI ELECTROSIGLO,5,18,11,14,8,,8,5,6,,3,,3,8,,,,,2,,1,,2,,,9
ASERTIA COMERCIAL,7,23,14,27,5,,8,8,9,,6,3,2,,,,,2,,3,,3,11,,,
INTCOMEX DEL ECUADOR,76,207,94,502,143,,69,92,107,,55,,170,86,25,,,,,,40,45,,,,248
ASSA-AUTOMOTORES DE LA SIERRA,9,25,15,24,,,9,16,9,,6,3,5,4,,,,2,,,2,,17,,2,
PYDACO PRODUCTORES Y DISTRIBUIDORES COMERCIALES C LTDA,4,11,8,28,5,1,1,15,1,,,,5,,,,1,,1,,2,,7,1,,
INDURA ECUADOR,4,30,7,5,5,,4,16,9,,3,4,9,7,,,3,,2,,,,,,5,
PLASTICSACKS CIA. LTDA.,2,20,5,6,1,,7,3,2,,4,,,,3,,2,6,3,5,,,,,5,
EMPRESA DURINI INDUSTRIA DE MADERA CA EDIMCA,9,97,26,33,14,,17,21,22,,7,,10,8,19,6,,7,,,,,32,,,
INTERHOSPITAL,5,6,5,5,3,,,2,1,2,1,,,2,,,3,,13,2,1,,1,,,
LAS FRAGANCIAS CIA. LTDA.,2,5,5,9,1,,2,2,2,1,2,,6,,,,,,1,,1,,1,7,,
ALPINA PRODUCTOS ALIMENTICIOS ALPIECUADOR,101,"1,087",330,403,152,,113,96,262,88,90,,360,105,,,,137,,,,,138,,94,
MULTIQUIP,35,89,13,79,24,,14,28,22,,9,,,33,11,,6,5,,,,13,,,,10
HOLDING GRUPO DIFARE CIA. LTDA.,102,320,239,277,141,,41,76,99,29,42,,80,,,,,,287,40,34,,67,,,
ECUASANITAS SA,19,15,12,40,9,,15,15,28,8,5,6,,,,,7,,50,,,,59,6,,
ECUADOR OVERSEAS AGENCIES C.A.,3,19,11,16,20,,5,9,8,4,,,2,8,,,,3,7,3,,,7,,,
WÄRTSILÄ ECUADOR,1,10,2,1,3,,,2,,1,1,,,10,,,,,,,,,,1,,
EQUIPOS Y TRANSPORTES   EQUITRANSA,1,44,11,,6,4,,2,,2,4,,,6,1,,,1,4,1,3,2,,,,
METROCAR SA,11,26,14,31,3,,8,7,12,,4,4,3,7,3,,,,,2,,,24,,,
HILSEA INVESTMENTS LIMITED,2,30,13,2,,2,,1,6,,6,4,,6,,,11,5,4,,7,,,,2,
PAPELESA C. LTDA.,20,88,67,37,,5,8,14,6,,9,,16,,8,,,13,,5,,,8,,,4
COMPANIA COMERCIAL REINA VICTORIA S.A COMREIVIC,3,17,5,19,6,,3,7,8,6,,,2,8,1,,,,,,1,,5,,,
ROSAPRIMA CIA. LTDA.,4,32,7,19,10,,,9,8,4,7,7,4,5,,6,,6,3,,,,,,,
AVICOLA VITALOA   AVITALSA,1,15,3,7,7,,1,4,,1,,,,1,,,,,5,,,,,,,1
OMNILIFE DEL ECUADOR,136,986,50,459,75,,46,54,855,78,,45,96,,47,34,,,70,,,,,48,,
DIPASO,20,29,10,28,7,,3,6,7,3,3,,8,4,4,,,5,,3,,,,,,
E. MAULME C.A.,8,4,3,4,1,,3,6,2,,1,2,4,3,1,,,,,1,,,5,,,
MEGAPRODUCTOS,1,13,7,8,1,1,3,11,5,,2,,,,,,,1,,,1,,8,,,
SERVIENTREGA ECUADOR,344,772,528,101,358,24,113,52,177,71,209,,,34,,,44,,,28,26,,,,,
CORPORACION GRUPO FYBECA   GPF,135,123,128,125,68,,38,36,52,21,43,,51,,,,18,,163,23,,31,,,,
FARMAMIA CIA. LTDA.,5,10,7,14,8,,,6,7,2,4,,,4,,4,5,,25,,3,3,,,,
FEHIERRO C LTDA,4,18,10,21,8,1,2,11,2,,4,2,,,,,,,,1,3,1,1,,,
DEVIES CORP,7,19,11,18,4,2,4,6,,,2,3,2,,,,,,2,2,,3,4,,,
PROBRISA,1,12,4,2,1,,,3,1,,2,2,,1,,,,,,,,,1,,,
MUEBLES EL BOSQUE,8,34,7,26,8,,9,11,4,,3,,6,3,5,,,4,4,,,,7,,,
SOLVESA ECUADOR,3,22,8,11,5,6,2,4,,,,3,,5,,,,2,6,2,,2,2,,,
PRIME LABORATORIO PRILAB,1,3,3,6,2,,1,6,3,,1,1,3,2,1,,1,,,,,1,,,,
FERRETERIA ESPINOZA S. A.,10,32,9,11,4,,5,9,3,2,3,,3,3,4,,,,,,,2,4,,,
GESTION EXTERNA GESTIONA GTX,15,5,8,,8,2,12,6,5,,4,,3,3,,4,,,,8,,,2,,3,
NEOAUTO S. A.,3,3,1,7,1,,3,,3,1,2,,,,,,,,,,,,9,,,
EMPRESAS PINTO,23,30,13,21,14,,10,13,5,,3,,5,5,15,,,6,2,2,,,,,,
CASAPLAN - MOTORPLAN,3,4,4,15,4,,5,4,5,,3,2,4,3,,,,,,3,1,,25,,,
CONFIAMED,5,4,5,9,3,,5,12,15,2,3,3,1,4,2,,,,5,,,,,,,
IMPORTADORA LARTIZCO,2,8,2,22,2,,3,14,5,,,2,,2,1,,,2,,,1,2,4,,,
"FRIGORIFICO Y LABORATORIO SAN MATEO, FRIGOLAB SAN MATEO CIA. LTDA.",1,8,3,,2,1,,1,1,,1,,,,,1,,1,1,1,,,,,2,
COMERCIAL E INDUSTRIAL SUCRE   COMSUCRE,3,14,1,9,3,,,9,2,,2,,3,2,1,,,1,1,1,,,,,,1
ECUATRAN SA,4,27,7,6,,3,2,3,3,2,6,,,12,2,,4,,,3,,,,,5,
PLASTICOS PANAMERICANOS PLAPASA SA,4,44,7,6,3,2,2,6,,,4,,3,7,,,,5,3,,3,,,,6,
SWISSGAS DEL ECUADOR,2,19,3,8,9,,2,14,4,,1,,3,6,,,,1,1,,3,,,,,1
TIENDAS TUTI TTDE,11,6,10,8,9,,,3,6,,,,5,2,,,,,,,1,1,,,,
"DILIPA, DISTRIBUIDORA DE LIBROS Y PAPELERIA C.LTDA.",29,22,11,14,8,2,,7,,7,2,,4,,3,,,,3,4,,2,6,,,
INDUSTRIAS DACAR CIA LTDA,1,17,4,7,3,,1,3,1,,,,1,2,2,,1,,1,1,,,,,,1
INTERCIA,1,26,,4,2,,1,3,1,,1,1,,2,,1,,,,,2,,,,2,
AFP GENESIS ADMINISTRADORA DE FONDOS Y FIDEICOMISOS,4,8,4,7,4,2,14,12,6,,5,,4,2,,,,,1,2,,,17,,,
EKRON CONSTRUCCIONES,1,20,4,,1,,3,2,1,2,2,2,,,6,1,,,2,,3,,,1,,
INVESTEAM,1,3,,1,,1,5,2,4,,,,1,,2,,1,1,,,2,,1,,1,
GRAFICAS IMPACTO GRAFIMPAC,2,20,5,3,3,,2,6,,2,1,,,,9,2,,2,,,,1,1,,1,
SPARTAN DEL ECUADOR PRODUCTOS QUIMICOS SA,2,5,3,4,,2,3,6,6,,2,,4,3,2,,4,,3,,,,4,,,
BYD E-MOTORS-ECUADOR,2,2,1,2,1,,,,1,,2,,,7,,,1,,,,6,,,,2,1
DOLMEN SA,2,9,6,6,,1,2,4,5,,,,2,,2,,,2,,,3,1,2,,,
SYNLAB  S.,3,12,2,4,2,,2,3,4,,1,,1,2,,,14,,9,2,,,,,4,
COMPUTADORES Y EQUIPOS COMPUEQUIP DOS,13,17,8,22,48,,3,7,5,,4,,3,18,3,,,,4,,8,,,,,8
NOVACREDIT S. A.,3,13,10,7,4,10,21,8,6,,2,,,1,,,,,,2,1,4,1,,,
IASA-TRANSPORTE,48,191,67,131,82,16,29,61,84,35,25,,,147,21,,,,,,30,,16,,,
FLORALP SA,3,13,8,7,2,,2,1,5,,1,,3,,,,1,6,,,3,,1,,3,
CORPORACION DISTRIBUIDORA DE ALIMENTOS   CORDIALSA,5,18,10,57,5,3,10,5,13,2,2,,19,,,,,,,,3,,20,,,2
CALBAQ,3,37,9,56,4,,8,12,10,3,4,3,40,,3,,,,,3,,,4,,,
INDUSTRIAS LACTEAS SA INDULAC,2,5,1,1,2,,1,2,2,1,1,,,,,,1,,1,,1,,,,2,1
TEXTILES INDUSTRIALES AMBATENOS   TEIMSA,1,10,3,5,,,3,,,,1,,,5,1,,1,1,1,2,,,,,2,
MANSUERA,3,16,2,28,,,4,9,10,2,,3,9,2,,,,2,1,,3,,9,,,
ALIMENTOS ECUATORIANOS LOS ANDES   AECDESA,2,5,1,,2,,,,3,1,,1,,3,1,,,,,,2,,1,1,,
JOHNSONWAX DEL ECUADOR,1,7,1,5,2,,,,,,,,4,,,,,1,,,,,,,,
SEIDOR,1,2,5,3,35,,1,1,,,1,,4,,,,,1,1,1,7,,2,5,,
"AYESA ADVANCED TECHNOLOGIES,",83,359,342,70,779,,66,72,323,114,91,,,"1,197",265,71,,,,,273,,,163,,
ECUAEX SA,1,7,3,4,2,,,5,,,,1,1,4,,,,,,,1,,,,,1
SURFCOECUADOR,2,10,2,4,,,1,,2,,,1,1,4,,,1,,,,1,,,,1,1
TOPOGRAFSA,1,1,1,,,,,,,,,,,1,,,,,,,,,,,,
GRUPTO   GRUPO TORRES,11,103,26,9,13,23,7,31,15,7,6,,,6,,,,,7,6,,,12,,,
COMERCIALIZADORA NEW EARTH LIFE SCIENCES ECUADOR NEWEARTH,34,98,50,60,50,,,11,71,39,22,,9,44,,23,384,,,,14,,,,24,
INDUSTRIA SOLEX SOINDU,6,14,6,30,39,,6,3,12,,3,,7,7,3,,3,,,,10,,,18,,
SOYODA,4,12,8,38,2,1,9,6,,,2,,1,3,4,,,,,2,,,16,,,4
ZEROPAPERS CIA. LTDA.,1,1,1,1,,,,,1,,,,,1,,,,,1,,,,,,,
TOPSEG COMPAÑIA DE SEGURIDAD PRIVADA CIA.LTDA.,1,4,2,1,8,6,2,,7,,1,,2,1,1,,,1,,3,,,,,,
FERREMUNDO,5,30,8,15,6,,6,11,9,,4,,6,3,,,2,,,,,2,7,,,4
ZAFIRO,1,4,2,,1,,,1,1,,,,,2,2,1,,,,,,,,,,
Banco Solidario,108,131,97,75,68,40,337,44,66,,28,,,47,,,,,,36,19,,47,32,,
Banco Produbanco,207,145,125,115,112,,338,79,360,26,36,,33,65,51,,26,,,67,,,,,,
Banco Pichincha,685,586,268,324,321,137,897,278,"1,027",107,101,,,191,119,,,,,154,,,167,,,
Banco Internacional,84,89,63,54,62,,222,47,77,,18,22,,48,,,,,,38,,,14,44,15,
Banco Amazonas,16,30,18,16,11,10,42,14,12,,6,6,2,,,3,,,,13,,,3,,,
Banco Procredit,40,39,18,7,15,,72,12,38,6,4,6,,,,,,,,10,7,,8,29,,
Banco de Guayaquil,197,187,217,100,135,266,619,89,180,31,33,28,,46,,,,,,46,,,103,,,
Banco General Rumiñahui,45,38,21,23,27,24,74,27,33,26,10,,,18,,,,,,15,,,10,,,11
Banco del Pacífico,272,163,198,72,120,,444,88,381,,32,54,42,112,35,,,,,83,,,,44,,
Banco de Loja,20,31,18,11,24,24,82,15,30,9,10,,11,18,,,,,,14,,,,7,,
Banco del Austro,120,156,65,65,84,62,253,60,146,,21,,20,93,,,,,,53,18,,24,,,
Banco Bolivariano,71,97,138,53,87,26,253,44,123,26,,,,39,,,22,,,30,,,44,,29,
Banco de Machala,14,49,15,13,16,10,69,18,27,,,8,,14,,,,,,18,8,,10,7,,
Banco Del Bank,29,14,4,4,6,5,19,13,8,4,,3,2,4,,,,2,,8,,,,,,
Banco D-Miro,14,45,18,7,14,,61,15,24,,5,6,7,9,,,,,,16,,,10,23,,
Banco Finca,9,23,7,3,8,5,45,23,11,,6,3,,,,,,,3,7,2,,,20,,
Banco Litoral,1,1,,,,,3,2,2,,,1,,,,,,,,,,,,,,
Banco Diners Club del Ecuador,118,136,67,73,108,215,183,76,214,,26,,35,44,,,24,,,36,39,,,,,
Banco VisionFund,5,9,8,1,9,1,27,6,5,,3,,2,,,,,,1,2,2,,1,,,
Banco De Desarrollo,7,26,12,,40,,63,9,39,10,7,,,20,,26,7,,,12,19,,,10,,
BanEcuador,84,116,88,30,55,25,153,34,125,17,12,,14,30,,,,12,,41,,,,,,
Banco Central del Ecuador,16,75,92,14,88,,140,60,47,24,32,,,34,,27,15,19,,50,,,,,,
Mutualista Ambato,4,1,,2,2,,5,1,2,,,,,2,,1,,,,3,,,1,1,,
Mutualista Azuay,4,11,15,3,11,,23,2,15,,7,,3,4,,,,3,,8,,,5,5,,
Mutualista Pichincha,27,67,27,51,23,29,53,20,24,,7,7,,15,,,,,,11,,,19,,,10
CACPECO,2,1,4,,4,,17,1,8,,3,3,3,3,,,,4,1,1,1,,,,,
Jardín Azuayo,34,22,17,10,23,7,60,8,27,11,21,,,17,,11,,6,,12,,,,,,
Andalucía,4,7,4,,6,10,17,8,3,,5,3,1,,,,2,,1,3,,,,2,,
Riobamba,2,1,2,,,,6,2,,,,,,,,,,,,,,,,,,
29 de Octubre,16,16,11,,13,5,50,19,16,,8,,4,8,4,,,,,5,,,5,13,,
23 de Julio,5,12,3,1,2,3,15,5,11,,2,2,1,,,,,,,2,,,,2,2,
Alianza del Valle,3,4,8,,1,1,73,3,13,,3,2,2,2,,,,,1,1,,,2,,,
Cooprogreso,21,31,21,14,13,20,89,17,33,,17,,8,5,,,,,5,14,4,,,,,
Cámara de Comercio de Ambato,2,,2,,3,,7,3,1,,3,2,1,,,,,,,2,,,,1,,
Mego,14,19,12,17,14,4,19,10,13,,8,8,4,10,4,,,,4,,,,,,,
Juventud Ecuatoriana Progresista,130,100,36,49,63,21,172,45,50,,20,,11,33,11,,,,,24,,,13,,,
ECUACORRIENTE,,105,22,,13,6,9,12,9,,15,,7,21,,23,20,13,8,7,,,,,,
AURELIAN ECUADOR,,493,39,,49,,,12,15,25,37,,,181,18,41,49,22,15,,26,13,,,,
HIDALGO E HIDALGO,,138,46,6,25,6,4,9,6,,,8,,71,12,8,7,,9,,13,,,,,
INDUSTRIAL PESQUERA SANTA PRISCILA,,350,62,32,34,15,20,41,24,,21,14,,32,,18,32,23,,,,,,,68,
"UNIÓN CEMENTERA NACIONAL, UCEM",,69,14,10,8,6,5,8,14,,6,6,5,16,,,,,,,5,13,,,10,
ACERIA DEL ECUADOR CA ADELCA.,,199,31,24,18,26,12,25,27,9,,13,,53,,,,14,8,,,9,,,17,
ANDES PETROLEUM ECUADOR LTD.,,120,17,,21,8,11,14,17,,9,,,68,,14,16,6,,7,8,11,,,,
EMPACADORA GRUPO GRANMAR   EMPAGRAN,,55,23,4,12,3,3,12,,,,,4,6,,5,10,3,3,3,,,,,6,
SOCIEDAD AGRICOLA E INDUSTRIAL SAN CARLOS SA,,164,37,12,18,10,12,18,18,25,14,,9,25,,13,12,,,13,,,,,,
NEGOCIOS INDUSTRIALES REAL N.I.R.,,333,56,59,56,17,24,63,46,,27,23,48,56,,,24,16,,,,,,,83,
PTIE- PHOENIX TOWER INTERNATIONAL ECUADOR,,48,15,31,36,,64,44,52,,25,,5,7,,,9,,,35,31,,31,5,,
GISIS,,23,6,13,6,,1,4,3,3,1,2,,4,,,3,,1,1,3,,,,,
PLUSPETROL ECUADOR B.V.,,939,157,,165,75,98,107,116,,86,,,324,,125,127,61,64,,57,60,,,,
CNPC CHUANQING DRILLING ENGINEERING COMPANY LIMITED,,397,39,,35,,18,15,18,18,21,,,237,,26,21,15,29,,26,16,,,,
OLEODUCTO DE CRUDOS PESADOS (OCP) ECUADOR,,33,3,,3,3,3,2,2,2,,,,17,,2,3,3,4,6,,2,,,,
NOVACERO S.A,,243,31,22,30,,20,18,22,,15,,13,44,,10,,42,,,20,12,,,17,
LETERAGO DEL ECUADOR S.A,,92,27,31,13,,11,25,9,6,13,,8,,,4,4,,12,,,,54,,6,
AGROAZUCAR ECUADOR,,63,11,,8,6,5,9,19,,7,6,,8,,9,,5,4,8,,,,,13,
COMPANIA AZUCARERA VALDEZ SA,,138,25,,21,,13,19,22,9,17,11,,16,,13,,12,18,10,,,,,11,
INDUSTRIAS LACTEAS TONI SA,,12,4,4,,,2,3,3,,1,1,1,2,,,2,,1,,,,,,4,
NOVOPAN DEL ECUADOR SA,,51,11,23,10,,4,11,8,,,9,9,13,5,,,,,3,,,8,,4,5
IPAC S.A,,23,3,14,6,,2,6,4,,3,3,1,4,,,,1,,1,4,,,,1,
PRODUCTORA CARTONERA,,4,2,,1,,,,2,,,,,,2,1,,,,,,,,,,
BEBIDAS ARCACONTINENTAL ECUADOR ARCADOR,,25,4,35,3,,1,,5,2,3,,3,2,,2,,4,2,,2,,6,,,
FABRICA DE ENVASES   FADESA,,220,25,12,28,,8,30,14,14,13,,,23,,,9,9,,7,5,,,,40,
PAPELERA NACIONAL SA,,146,36,25,31,,15,28,18,11,8,7,,30,,,,15,7,9,,,,,14,
CONSENSOCORP,,12,8,,7,,4,2,3,2,3,,,3,2,,2,,1,,3,2,,2,,
ORIENTAL INDUSTRIA ALIMENTICIA ''O.I.A.'',,46,13,21,12,,10,5,9,5,9,,13,4,6,,,,,,7,,6,,10,
CHINA INTERNATIONAL WATER & ELECTRIC CORP. -CWE-,,59,14,15,10,,6,8,14,,10,,,38,5,9,6,8,,,11,,,,11,
EUROFISH,,68,17,9,6,,5,10,6,,9,4,,6,,,,4,3,3,,,,4,12,
PROMARISCO SA,,206,27,17,20,8,7,17,16,,13,,,24,,11,17,38,,,8,,,,14,
VITAPRO ECUADOR CIA. LTDA.,,186,39,23,36,,26,22,77,18,30,,,46,,,25,19,27,,20,,,,33,
CUBIERTAS DEL ECUADOR KU-BIEC,,75,4,18,8,,5,3,5,,2,5,5,12,,,,3,5,,,,7,,5,
SALICA DEL ECUADOR,,80,34,11,9,8,6,17,5,,10,,8,9,,7,8,,,4,,,,,19,
ZAIMELLA DEL ECUADOR SOCIEDAD ANONIMA,,71,14,29,10,,14,,36,,8,,42,14,,8,11,10,,,11,,,6,9,
EDESA SA,,98,28,40,14,,9,17,30,16,11,,14,32,11,,,12,,,,,,,8,8
SERVICIO DE ADMINISTRACION DE BIENES DIBIENS,,3,,,,,2,,2,,,,,1,1,,,,,,,,,1,,
COMPANIA DE ELABORADOS DE CAFE ELCAFE C.A.,,50,17,3,8,4,5,11,7,,9,3,,9,,,3,3,,,,3,,,,3
SERTECPET,,284,23,,24,,10,18,10,6,15,,,219,,9,,,7,,21,7,,7,64,
CORPORACION CELESTE CIA.LTDA. CORPACEL,,1,3,1,5,1,2,2,2,1,,,1,,,,,,,2,,,2,,,
WAYRAENERGY,,13,2,,4,3,1,,2,3,,,,3,,3,4,2,1,2,,,,2,3,
SINOHYDRO CORPORATION LIMITED,,885,227,107,208,87,64,73,110,,112,,,798,75,58,,141,,,134,,,,116,
PROYECTOS ENERGETICOS ECUAGESA,,10,,,2,,1,1,3,,1,,,3,,,1,,1,1,1,,,,,
GENTE OIL ECUADOR PTE.LTD.,,24,3,,2,1,3,2,1,,1,,,8,,4,1,2,1,,1,,,1,,
NEFROCONTROL,,12,1,1,,,2,3,1,1,,,,5,,,,2,,,,2,,,2,
F.V-AREA ANDINA,,55,25,34,14,,8,,14,,6,,9,10,9,,7,5,4,,9,,9,,,
ASISERVY,,33,15,,10,2,5,4,6,2,6,2,,,,,,3,,2,,4,,,13,2
ECUATORIANA DE SAL Y PRODUCTOS QUIMICOS CA (ECUASAL),,18,3,3,4,,1,5,,,2,,4,4,2,,,1,1,1,,2,,,3,
RIPCONCIV CONSTRUCCIONES CIVILES CIA. LTDA.,,123,43,,31,8,30,17,16,10,25,,,29,11,,,9,10,,19,7,,,,
TRIBOILGAS CIA. LTDA.,,105,7,,4,2,7,6,4,,7,3,,14,,6,,4,6,,,3,,,3,
'TYAZHMASH'',,9,2,2,3,,1,3,1,,1,,,27,5,,,,,1,4,,,,1,
GRUPO SUPERIOR,,11,2,3,,1,1,2,1,1,,,1,,,,,1,1,,,1,,,3,1
SINOHYDRO CORPORATION,,885,227,107,208,87,64,73,110,,112,,,798,75,58,,141,,,134,,,,116,
ELECTROCABLES C.A.,,17,5,13,2,,2,5,7,,3,,4,6,,,2,,4,6,,,3,,5,
FLEXIPLAST,,45,9,18,10,,6,3,7,,7,3,,,12,3,,11,3,,,4,,,14,
LABORATORIOS SIEGFRIED,,21,12,65,8,,7,7,19,,4,,10,,,,21,,5,11,,5,,,18,7
"CHINA CAMC ENGINEERING CO., LTD.",,107,44,24,19,7,20,14,35,,8,,,96,16,,,12,8,7,62,,,,,
JABONERIA WILSON SA,,51,8,23,5,,11,8,18,,7,,12,12,,,4,5,,,5,4,,,6,
INDEUREC,,18,11,10,5,,4,4,5,2,1,,,,,,6,1,6,6,3,,,,25,
INDUSTRIA ECUATORIANA PRODUCTORA DE ALIMENTOS CA INEPACA,,68,5,7,2,5,,4,2,6,,2,4,,,4,5,6,4,,,,,,2,
MARZAM CIA. LTDA.,,10,5,,2,3,2,7,3,1,2,2,,4,,,,1,,,1,,2,,,
BOPP DEL ECUADOR,,24,6,5,1,2,1,1,,,,2,,7,,,,1,1,,,2,1,1,1,
SONINO,,1,1,,,,,,1,,,,,,1,,,1,,,,,,,,
AMBACAR CIA. LTDA.,,12,1,17,2,1,2,1,5,,,3,4,1,,,,,,1,1,,11,1,,
TECNOMEGA C.A.,,3,1,3,2,,1,3,,1,,,5,7,,,,,,,,,1,,1,4
CIUDAD DEL AUTO CIAUTO CIA. LTDA.,,32,6,3,7,,,1,4,1,1,,,3,1,,,2,,4,2,,,,7,
LIMBOMAR,,24,2,,1,,1,2,1,,2,,,1,,1,4,3,1,1,,,,,,
ENI ECUADOR,,4,5,2,3,,1,1,1,,,,1,1,,3,,,,,1,,,1,,
DURAGAS SA,,72,16,18,21,4,4,16,11,,5,,3,9,,4,,,,8,,5,6,,,
COFIMAR,,79,26,11,18,,14,13,6,,,,,11,,9,7,11,8,6,5,,,,28,
PINTURAS UNIDAS,,43,15,27,10,,5,8,5,4,3,,8,6,9,,,6,,,,,3,,4,
PRODUCTOS PERECIBLES Y MARISCOS PROPEMAR,,37,5,4,1,1,2,2,,2,3,6,,2,,,2,4,1,,,,,,4,
INPROEL,,36,22,20,11,,9,15,10,,7,,5,16,4,,,,,,12,,5,4,4,
SODERAL SOCIEDAD DE DESTILACION DE ALCOHOLES,,13,6,5,,,2,5,2,1,,,,5,,,2,1,2,4,1,,,1,2,
AGRO AEREO SA,,11,3,,4,1,1,10,,,3,1,,4,1,1,1,2,1,,3,,,,,
ACESCO ECUADOR,,28,6,,2,,3,2,3,,2,,2,,,,,2,2,2,5,,6,,3,2
GALMACK,,1,2,5,,,2,,3,,,,1,1,,,,,,,1,,5,1,,
ELECTROLEG,,11,6,10,4,,1,11,3,2,2,,1,6,,,,,2,,6,1,11,,,
CORPETROLSA,,20,7,4,4,1,3,4,3,,4,,,3,,,,1,1,1,1,3,,,,
SEVILLA Y MARTINEZ INGENIEROS CA SEMAICA,,120,15,,8,7,6,14,11,6,6,,,35,12,,,,9,,13,4,4,,,
CARVAGU,,28,11,16,4,,2,9,8,,,,12,3,4,,4,5,4,,2,,,,9,
CONFITECA C.A.,,29,6,24,8,,9,4,6,,5,,9,5,,,,,,3,4,,9,,3,6
QUIMICA INDUSTRIAL MONTALVO AGUILAR QUIMASA,,13,5,8,,,1,1,6,,,2,1,,1,,1,1,1,1,,1,,,1,
FUNDAMETZ,,12,2,1,2,,1,3,3,,2,1,,3,,,,2,1,,2,1,,,1,
ACROMAX LABORATORIO QUIMICO FARMACEUTICO SA,,45,8,59,8,5,5,11,13,,6,,9,6,,,12,11,16,,,,,,49,
EMPACADORA DEL PACIFICO SOCIEDAD ANONIMA (EDPACIF  ),,2,3,,2,1,1,2,1,,,,,2,,,1,1,1,1,,,,,,1
SALCEDO INTERNACIONAL (INTERSAL),,14,3,4,1,,4,4,4,,1,,,1,1,2,,,1,2,,,5,,,
CONSORCIO AEROSUSPENDIDO GUAYAQUIL POMA  S. Y SOFRATESA INC,,84,19,5,37,4,,4,5,4,8,,,32,8,,,,6,4,12,,,,9,
FERTILIZANTES DEL PACIFICO FERPACIFIC,,24,1,7,3,,2,4,2,,2,,2,3,,,1,,,1,1,1,1,,,
"ELOT, CONSTRUCCIONES Y SERVICIOS C.LTDA.",,8,2,2,1,1,2,2,3,,1,,1,2,,,,1,2,1,1,,,,,
NEGOCIOS Y TELEFONIA (NEDETEL),,2,2,9,17,1,1,6,1,1,,1,,4,,,,,1,,,1,,,,
ITALIMENTOS CIA. LTDA.,,36,7,24,7,,5,6,5,,4,,7,5,,,5,4,,,6,,4,,5,
PLASTIEMPAQUES,,11,2,2,3,1,2,6,2,,,,,1,,,,2,,,,,2,,1,
ASESORIA EMPRESARIAL RIASEM S. A. RIASEMSA,,10,5,,2,2,2,5,5,,3,,2,,,3,2,,3,,2,3,,,2,
FERMAGRI,,3,3,1,1,,1,4,,,2,1,1,1,,,,2,,,1,,1,,1,
MEDICAMENTA ECUATORIANA SA,,24,18,114,11,,7,12,11,3,7,,12,,,,6,,26,10,,,,,3,3
GRUPO TRANSBEL,,8,4,19,1,,1,2,2,,,,1,,,,2,1,,,,3,,,1,1
COMPAÑÍA DE SERVICIOS AUXILIARES DE GESTIÓN DE COBRANZA RECYCOB,,8,6,1,7,,5,3,3,1,1,,,4,,,,1,,11,,,1,,,
FRESENIUS KABI,,"2,919",614,"2,443","1,030",,478,545,"1,010",,524,,515,"1,120",,,"1,115",,"1,087",552,457,,,,"1,467",
ORODELTI,,29,11,,5,4,3,4,3,,4,2,1,,,,3,1,5,2,1,,,,,
BALANCEADOS NOVA   BALNOVA,,4,,,,,,1,,,,,,,,,,1,1,,,,1,,,
UNIOCEAN,,3,,1,,,,,,,,,,,,,,,,,,,,,,
INCUBADORA ANDINA INCUBANDINA SOCIEDAD ANONIMA.,,10,1,5,4,,,3,,,2,,1,3,,,1,,2,,3,1,1,,2,1
ODIN MINING DEL ECUADOR,,1,,,,,,,,,,,,,,1,,1,1,,,,,,,
HIDROSIERRA,,3,1,1,2,,,,1,,,,,3,,1,,,,,1,,,,,
ELECTRIFICACIONES DEL ECUADOR SA ELECDOR,,3,2,,1,1,1,1,1,,1,1,,1,,,,,,,1,,,,,
EMPRESA PASTEURIZADORA QUITO SA,,28,4,25,7,4,4,8,5,,,,7,3,,,10,3,6,3,,,,,13,
CONSTRUCTORA COVIGON CA,,1,1,,,,2,2,,,,,,1,,,,,,,,,1,,,
EMPACADORA BILBO   BILBOSA,,21,6,,8,2,,5,3,,2,,,5,2,,2,3,2,,2,2,,,13,
LABORATORIOS BAGO DEL ECUADOR,,8,6,77,7,,4,4,9,,7,,8,5,,,,3,18,,3,,3,,,5
VEPAMIL,,11,8,13,9,,11,11,,,2,,3,10,,2,,1,1,4,2,,5,,,
PETROLEOS Y SERVICIOS PYS C.A.,,3,3,4,3,,,3,,1,2,2,2,,1,,,,,1,,,,,,
EMPAQPLAST,,25,7,6,12,,3,8,,,3,3,,5,2,,,4,3,,3,,2,,4,
INDUSTRIA DE ALIMENTOS LA EUROPEA CIA. LTDA.,,18,,17,3,,4,7,5,3,2,,4,,,2,2,,1,,,2,4,,5,
ECOFROZ,,13,6,,,4,2,4,4,3,2,2,,2,,2,4,,1,,2,,,,7,
PLANTA INDUSTRIAL LACEC CIA. LTDA.,,4,1,,,,2,4,,,,1,,,,,,,,,2,,,,,
FRUTADELI,,4,1,,1,,,,1,,2,,,,,,,,,,,,,,1,
EQUITATIS,,10,2,,1,,2,2,2,,,,,8,1,,,,,1,4,,,,1,
ALVAREZ BRAVO CONSTRUCTORES,,13,1,5,1,1,,4,3,2,1,3,1,,7,,,,2,1,,,4,,,
PROPHAR S.A,,19,6,1,8,,2,,13,,4,,2,1,2,,1,2,1,1,,,,,10,
JAMES BROWN PHARMA C.A.,,21,5,7,5,,6,2,5,,3,,3,,3,,11,10,3,3,,,,,16,
SACOS DURAN REYSAC,,26,1,4,,,,,3,,2,,,,,,1,2,2,,,,,,,
ACADEMIA NAVAL ALMIRANTE ILLINGWORTH SA ANAI,,3,2,,3,2,,,1,25,1,,1,3,2,2,1,,1,,,,,,,
TEXCUMAR,,3,3,,1,,,,1,1,,,,,,,1,,1,1,,,,,,
BASESURCORP,,15,6,5,,3,,2,3,,,3,4,1,,,,,1,,,4,2,,1,
POLIGRAFICA C.A.,,25,6,11,3,,,1,7,3,2,,2,4,10,,,8,,,2,,7,,3,
DIXIMANT,,9,9,,3,,3,7,3,,4,,,2,,1,,,,,1,1,,,,1
PROMOTORA INMOBILIARIA L.F.G.,,1,3,2,,,3,3,1,,,,2,,1,,,,,,1,,2,,,
HIDROTAMBO S.A,,2,,,,,,,,,,,,,,,,1,,,,,,,,
INDECAUCHO C LTDA,,5,3,2,3,1,2,3,2,,2,,6,,,2,,1,,,2,,,,,
ORIENTOIL S.A,,23,8,1,1,,,2,1,1,1,,1,4,1,1,1,,1,,,,,,2,
NORLOP THOMPSON ASOCIADOS,,8,3,23,3,,1,7,12,2,3,3,13,2,41,,,17,,,,,,2,,
IMPORTADORA ALVARADO VASCONEZ C LTDA,,20,4,12,4,,3,3,3,,2,,2,3,3,2,,2,,,2,,5,,,
INGESA,,16,2,1,3,1,,3,2,,1,,,4,1,,,2,1,,2,,,,3,
ALICORP ECUADOR,,"1,390",311,555,286,,353,228,547,135,213,,326,209,,,128,147,,,153,,,,102,
SOCIEDAD PREDIAL Y MERCANTIL MILATEX,,3,1,,,,1,2,,,,1,,,,,,,,,,,,,,
ANDINAVE SA,,11,5,3,2,,,5,2,,,,,1,,,,,,1,,,2,,,
HUBBARD PERFORACIONES CIA. LTDA.,,10,2,,,,,,,,1,,,1,,1,1,,3,,,,,,,
CONSTRUCTORA PROHORIZON,,5,3,1,,,2,4,,,2,,,1,1,,,,,1,1,1,3,,,
IFCE CIMENTACIONES ECUADOR,,2,,,,,,1,,,1,,,1,,,,,,,1,,,,,
NEDERAGRO,,7,6,14,3,,3,1,2,2,1,,5,2,2,,2,,,,,,2,,3,
ELEMENTA ECUADOR ELECUEME,,1,,2,,,1,,2,,,,1,,,,1,,,,,1,,,,
FAIRIS CA,,35,7,10,4,,,5,3,2,4,,2,6,,,,10,1,2,,,3,,4,
INDUSTRIA DE ACERO DE LOS ANDES SA,,25,3,3,3,1,1,4,3,2,,2,,10,,,,2,,,2,1,,,6,
CIMENTACIONES GENERALES Y OBRAS PORTUARIAS CIPORT SA,,7,1,,,,,1,3,,1,,,1,1,,,,,,,1,,,1,
ALIMENTOS YUPI,,66,19,63,9,,16,11,12,7,7,,21,12,,7,,13,,,,,11,,9,
FARMAVET FARMACOS VETERINARIOS,,14,,12,1,,1,6,6,,2,,1,5,,2,2,2,6,2,,,,,2,
SOLUCIONES AMBIENTALES TOTALES SAMBITO,,17,3,4,7,,3,2,7,,2,,2,11,,3,3,2,2,,3,,,,,
ADITEC ECUATORIANA CIA. LTDA.,,13,3,6,3,1,1,6,4,,1,,3,3,,,,,,,2,1,8,1,,
COMTELEC CIA. LTDA.,,1,,3,1,,2,,1,,,,3,1,,,,,,,,,,,,1
TECMED,,4,,2,,,1,1,2,1,,,,,,,2,1,,,,,,,1,1
COMUNIKGRAF,,1,3,,,,,1,,,,,1,,,,,1,,,,,,,1,
CIDESCOL S. A.,,1,2,4,,,,1,1,,,1,,1,,,,,,,,,,2,,
EXTRACTOS ANDINOS CA,,3,,4,,,1,,2,,,1,,,,,,1,,,,,,,1,
CORPORACION TECNICA DE EQUIPOS Y CONSTRUCCIONES COTECEC C LTDA,,1,1,,,,,2,,,,1,,2,1,,,,,,1,,,,,
CONSORCIO NOBIS,,17,14,4,10,,7,6,12,,5,,,3,3,6,,4,2,6,,,,3,,
AENORECUADOR,,168,120,33,181,,44,215,137,96,,36,,160,,47,47,51,,,63,,,,54,
SIDESOFT CIA. LTDA.,,2,,,1,1,1,1,,1,1,,2,7,1,1,1,,,,2,,,3,,
ZIONTECHNOLOGIE,,1,,,,,,,,,,,,1,,,,,,,1,,,,,
TIMBERLINE,,2,,1,,,,,,,,,,,,,,,,,,,,,,
ADMINISTRADOR ZEDE DEL LITORAL ZEDE DEL LITORAL ADMINZEDELITORAL,,1,,,,,,,2,,,,,,1,,,,,,1,,,,,
Banco Capital,,6,5,6,2,3,14,5,7,,2,2,1,2,,,,1,,5,3,,,,,
LACTALIS DEL ECUADOR,,,1,2,,,,1,,,,,2,,1,,,,,,,,,,,1
CLUB BUZZOM   BUCLUB,,,1,,1,,1,,,,,1,,,,,,,,,,,,,,
"YANKUANG DONGHUA CONSTRUCTION CO., LTD.",,,,1,,,1,1,,,,,,,,,,,,,,,,,,
AUTOHYUN,,,,1,,,,,,,,,,,,,,,,,,,,,,
FEILO SYLVANIA N.V.,,,,7,,,,,,,,,,,,,,,,,,,1,,,
URBANCAR CONCESIONARIO DE VEHICULOS CIA. LTDA.,,,,1,,,,1,1,,,,1,,,,,,,,,,,,,
"CAROSEM  , CARVAJAL - AROSEMENA",,,,3,,,2,,2,,,1,2,,,,,,,,,,1,,,
"SECOIN, SEGURIDAD COMERCIAL INDUSTRIAL CIA. LTDA.",,,,,1,6,1,2,2,,,,,1,,,,,,,1,,,,,
ZABYCA ASOCIADOS CIA. LTDA.,,,,,2,,,,,,,,,4,,,,,,,1,,,,,
COMPAÑIA DE ASESORAMIENTO ECONOMICO FINANCIERO Y CONTABILIDAD CAEFYC CIA. LTDA.,,,,,1,,,1,1,1,,,,1,,,1,,,,,,,,,
SUAZIONI,,,,,,,,,1,,,,,,,,,,,,,,,,,
BARKA CAPITAL,,,,,,,,,1,,,,,,,,,,1,1,,,,,,
SOFTBUILDER CIA. LTDA.,,,,,,,,,2,,,,,,,,,,,,,,,,,
CASELP,,,,,,,,,,,,,,,,,,,,,,,,1,,
